adm_0_name,adm_1_name,adm_2_name,full_name,ISO_A0,FAO_GAUL_code,RNE_iso_code,IBGE_code,calendar_start_date,calendar_end_date,Year,dengue_total,case_definition_standardised,S_res,T_res,UUID,region
INDIA,RAJASTHAN,NA,"INDIA, RAJASTHAN",IND,1506,IN-RJ,NA,2010-01-01,2010-12-31,2010,1823,Total,Admin1,Year,LITERATURE-IND-19972012-Y01-00,SEARO
INDIA,TAMIL NADU,NA,"INDIA, TAMIL NADU",IND,1508,IN-TN,NA,2010-01-01,2010-12-31,2010,2051,Total,Admin1,Year,LITERATURE-IND-19972012-Y01-00,SEARO
INDIA,UTTAR PRADESH,NA,"INDIA, UTTAR PRADESH",IND,70081,IN-UP,NA,2010-01-01,2010-12-31,2010,960,Total,Admin1,Year,LITERATURE-IND-19972012-Y01-00,SEARO
INDIA,WEST BENGAL,NA,"INDIA, WEST BENGAL",IND,1511,IN-WB,NA,2010-01-01,2010-12-31,2010,805,Total,Admin1,Year,LITERATURE-IND-19972012-Y01-00,SEARO
INDIA,"ARUNACHAL
PRADESH",NA,"INDIA, ARUNACHAL
PRADESH",IND,70072,IN-AR,NA,2010-01-01,2010-12-31,2010,0,Total,Admin1,Year,LITERATURE-IND-19972012-Y01-01,SEARO
INDIA,ASSAM,NA,"INDIA, ASSAM",IND,1487,IN-AS,NA,2010-01-01,2010-12-31,2010,237,Total,Admin1,Year,LITERATURE-IND-19972012-Y01-01,SEARO
INDIA,BIHAR,NA,"INDIA, BIHAR",IND,70073,IN-BR,NA,2010-01-01,2010-12-31,2010,510,Total,Admin1,Year,LITERATURE-IND-19972012-Y01-01,SEARO
INDIA,CHHATTISGARH,NA,"INDIA, CHHATTISGARH",IND,70075,IN-CT,NA,2010-01-01,2010-12-31,2010,4,Total,Admin1,Year,LITERATURE-IND-19972012-Y01-01,SEARO
INDIA,HIMACHAL PRADESH,NA,"INDIA, HIMACHAL PRADESH",IND,1493,IN-HP,NA,2010-01-01,2010-12-31,2010,3,Total,Admin1,Year,LITERATURE-IND-19972012-Y01-01,SEARO
INDIA,J & K,NA,"INDIA, J & K",IND,40427,IN-JK,NA,2010-01-01,2010-12-31,2010,0,Total,Admin1,Year,LITERATURE-IND-19972012-Y01-01,SEARO
INDIA,JHARKHAND,NA,"INDIA, JHARKHAND",IND,70078,IN-JH,NA,2010-01-01,2010-12-31,2010,27,Total,Admin1,Year,LITERATURE-IND-19972012-Y01-01,SEARO
INDIA,MEGHALAYA,NA,"INDIA, MEGHALAYA",IND,1501,IN-ML,NA,2010-01-01,2010-12-31,2010,1,Total,Admin1,Year,LITERATURE-IND-19972012-Y01-01,SEARO
INDIA,MIZORAM,NA,"INDIA, MIZORAM",IND,1502,IN-MZ,NA,2010-01-01,2010-12-31,2010,0,Total,Admin1,Year,LITERATURE-IND-19972012-Y01-01,SEARO
INDIA,NAGALAND,NA,"INDIA, NAGALAND",IND,1503,IN-NL,NA,2010-01-01,2010-12-31,2010,0,Total,Admin1,Year,LITERATURE-IND-19972012-Y01-01,SEARO
INDIA,ORISSA,NA,"INDIA, ORISSA",IND,1504,IN-OR,NA,2010-01-01,2010-12-31,2010,29,Total,Admin1,Year,LITERATURE-IND-19972012-Y01-01,SEARO
INDIA,SIKKIM,NA,"INDIA, SIKKIM",IND,1507,IN-SK,NA,2010-01-01,2010-12-31,2010,0,Total,Admin1,Year,LITERATURE-IND-19972012-Y01-01,SEARO
INDIA,UTTRAKHAND,NA,"INDIA, UTTRAKHAND",IND,70082,IN-UT,NA,2010-01-01,2010-12-31,2010,178,Total,Admin1,Year,LITERATURE-IND-19972012-Y01-01,SEARO
INDIA,SIKKIM,NA,"INDIA, SIKKIM",IND,1507,IN-SK,NA,2011-01-01,2011-12-31,2011,2,Total,Admin1,Year,LITERATURE-IND-19972012-Y01-01,SEARO
INDIA,TAMIL NADU,NA,"INDIA, TAMIL NADU",IND,1508,IN-TN,NA,2011-01-01,2011-12-31,2011,2501,Total,Admin1,Year,LITERATURE-IND-19972012-Y01-01,SEARO
INDIA,UTTAR PRADESH,NA,"INDIA, UTTAR PRADESH",IND,70081,IN-UP,NA,2011-01-01,2011-12-31,2011,155,Total,Admin1,Year,LITERATURE-IND-19972012-Y01-01,SEARO
INDIA,UTTRAKHAND,NA,"INDIA, UTTRAKHAND",IND,70082,IN-UT,NA,2011-01-01,2011-12-31,2011,454,Total,Admin1,Year,LITERATURE-IND-19972012-Y01-01,SEARO
INDIA,WEST BENGAL,NA,"INDIA, WEST BENGAL",IND,1511,IN-WB,NA,2011-01-01,2011-12-31,2011,510,Total,Admin1,Year,LITERATURE-IND-19972012-Y01-01,SEARO
INDIA,A&N ISLAND,NA,"INDIA, A&N ISLAND",IND,1484,IN-AN,NA,2011-01-01,2011-12-31,2011,6,Total,Admin1,Year,LITERATURE-IND-19972012-Y01-01,SEARO
INDIA,CHANDIGARH,NA,"INDIA, CHANDIGARH",IND,70074,IN-CH,NA,2011-01-01,2011-12-31,2011,73,Total,Admin1,Year,LITERATURE-IND-19972012-Y01-01,SEARO
INDIA,DELHI,NA,"INDIA, DELHI",IND,1489,IN-DL,NA,2011-01-01,2011-12-31,2011,1131,Total,Admin1,Year,LITERATURE-IND-19972012-Y01-01,SEARO
INDIA,D&N HAVELI,NA,"INDIA, D&N HAVELI",IND,70076,IN-DH,NA,2011-01-01,2011-12-31,2011,68,Total,Admin1,Year,LITERATURE-IND-19972012-Y01-01,SEARO
INDIA,DAMAN & DIU,NA,"INDIA, DAMAN & DIU",IND,70077,IN-DH,NA,2011-01-01,2011-12-31,2011,0,Total,Admin1,Year,LITERATURE-IND-19972012-Y01-01,SEARO
INDIA,PUDUCHERRY,NA,"INDIA, PUDUCHERRY",IND,70080,IN-PY,NA,2011-01-01,2011-12-31,2011,463,Total,Admin1,Year,LITERATURE-IND-19972012-Y01-01,SEARO
INDIA,ANDHRA PRADESH,NA,"INDIA, ANDHRA PRADESH",IND,1485,IN-AP,NA,2011-01-01,2011-12-31,2011,1209,Total,Admin1,Year,LITERATURE-IND-19972012-Y01-01,SEARO
INDIA,"ARUNACHAL
PRADESH",NA,"INDIA, ARUNACHAL
PRADESH",IND,70072,IN-AR,NA,2011-01-01,2011-12-31,2011,0,Total,Admin1,Year,LITERATURE-IND-19972012-Y01-01,SEARO
INDIA,ASSAM,NA,"INDIA, ASSAM",IND,1487,IN-AS,NA,2011-01-01,2011-12-31,2011,0,Total,Admin1,Year,LITERATURE-IND-19972012-Y01-01,SEARO
INDIA,BIHAR,NA,"INDIA, BIHAR",IND,70073,IN-BR,NA,2011-01-01,2011-12-31,2011,21,Total,Admin1,Year,LITERATURE-IND-19972012-Y01-01,SEARO
INDIA,CHHATTISGARH,NA,"INDIA, CHHATTISGARH",IND,70075,IN-CT,NA,2011-01-01,2011-12-31,2011,313,Total,Admin1,Year,LITERATURE-IND-19972012-Y01-01,SEARO
INDIA,GOA,NA,"INDIA, GOA",IND,1490,IN-GA,NA,2011-01-01,2011-12-31,2011,26,Total,Admin1,Year,LITERATURE-IND-19972012-Y01-01,SEARO
INDIA,GUJARAT,NA,"INDIA, GUJARAT",IND,1491,IN-GJ,NA,2011-01-01,2011-12-31,2011,1693,Total,Admin1,Year,LITERATURE-IND-19972012-Y01-01,SEARO
INDIA,HARYANA,NA,"INDIA, HARYANA",IND,1492,IN-HR,NA,2011-01-01,2011-12-31,2011,267,Total,Admin1,Year,LITERATURE-IND-19972012-Y01-01,SEARO
INDIA,HIMACHAL PRADESH,NA,"INDIA, HIMACHAL PRADESH",IND,1493,IN-HP,NA,2011-01-01,2011-12-31,2011,0,Total,Admin1,Year,LITERATURE-IND-19972012-Y01-01,SEARO
INDIA,J & K,NA,"INDIA, J & K",IND,40427,IN-JK,NA,2011-01-01,2011-12-31,2011,3,Total,Admin1,Year,LITERATURE-IND-19972012-Y01-01,SEARO
INDIA,JHARKHAND,NA,"INDIA, JHARKHAND",IND,70078,IN-JH,NA,2011-01-01,2011-12-31,2011,36,Total,Admin1,Year,LITERATURE-IND-19972012-Y01-01,SEARO
INDIA,KARNATAKA,NA,"INDIA, KARNATAKA",IND,1494,IN-KA,NA,2011-01-01,2011-12-31,2011,405,Total,Admin1,Year,LITERATURE-IND-19972012-Y01-01,SEARO
INDIA,TAMIL NADU,NA,"INDIA, TAMIL NADU",IND,1508,IN-TN,NA,2012-01-01,2012-12-31,2012,9249,Total,Admin1,Year,LITERATURE-IND-19972012-Y01-01,SEARO
INDIA,UTTAR PRADESH,NA,"INDIA, UTTAR PRADESH",IND,70081,IN-UP,NA,2012-01-01,2012-12-31,2012,240,Total,Admin1,Year,LITERATURE-IND-19972012-Y01-01,SEARO
INDIA,UTTRAKHAND,NA,"INDIA, UTTRAKHAND",IND,70082,IN-UT,NA,2012-01-01,2012-12-31,2012,110,Total,Admin1,Year,LITERATURE-IND-19972012-Y01-01,SEARO
INDIA,WEST BENGAL,NA,"INDIA, WEST BENGAL",IND,1511,IN-WB,NA,2012-01-01,2012-12-31,2012,6225,Total,Admin1,Year,LITERATURE-IND-19972012-Y01-01,SEARO
INDIA,A&N ISLAND,NA,"INDIA, A&N ISLAND",IND,1484,IN-AN,NA,2012-01-01,2012-12-31,2012,19,Total,Admin1,Year,LITERATURE-IND-19972012-Y01-01,SEARO
INDIA,CHANDIGARH,NA,"INDIA, CHANDIGARH",IND,70074,IN-CH,NA,2012-01-01,2012-12-31,2012,341,Total,Admin1,Year,LITERATURE-IND-19972012-Y01-01,SEARO
INDIA,DELHI,NA,"INDIA, DELHI",IND,1489,IN-DL,NA,2012-01-01,2012-12-31,2012,1980,Total,Admin1,Year,LITERATURE-IND-19972012-Y01-01,SEARO
INDIA,ANDHRA PRADESH,NA,"INDIA, ANDHRA PRADESH",IND,1485,IN-AP,NA,2012-01-01,2012-12-31,2012,1734,Total,Admin1,Year,LITERATURE-IND-19972012-Y01-01,SEARO
INDIA,"ARUNACHAL
PRADESH",NA,"INDIA, ARUNACHAL
PRADESH",IND,70072,IN-AR,NA,2012-01-01,2012-12-31,2012,156,Total,Admin1,Year,LITERATURE-IND-19972012-Y01-01,SEARO
INDIA,ASSAM,NA,"INDIA, ASSAM",IND,1487,IN-AS,NA,2012-01-01,2012-12-31,2012,262,Total,Admin1,Year,LITERATURE-IND-19972012-Y01-01,SEARO
INDIA,BIHAR,NA,"INDIA, BIHAR",IND,70073,IN-BR,NA,2012-01-01,2012-12-31,2012,101,Total,Admin1,Year,LITERATURE-IND-19972012-Y01-01,SEARO
INDIA,CHHATTISGARH,NA,"INDIA, CHHATTISGARH",IND,70075,IN-CT,NA,2012-01-01,2012-12-31,2012,1,Total,Admin1,Year,LITERATURE-IND-19972012-Y01-01,SEARO
INDIA,GOA,NA,"INDIA, GOA",IND,1490,IN-GA,NA,2012-01-01,2012-12-31,2012,36,Total,Admin1,Year,LITERATURE-IND-19972012-Y01-01,SEARO
INDIA,GUJARAT,NA,"INDIA, GUJARAT",IND,1491,IN-GJ,NA,2012-01-01,2012-12-31,2012,1461,Total,Admin1,Year,LITERATURE-IND-19972012-Y01-01,SEARO
INDIA,HARYANA,NA,"INDIA, HARYANA",IND,1492,IN-HR,NA,2012-01-01,2012-12-31,2012,704,Total,Admin1,Year,LITERATURE-IND-19972012-Y01-01,SEARO
INDIA,HIMACHAL PRADESH,NA,"INDIA, HIMACHAL PRADESH",IND,1493,IN-HP,NA,2012-01-01,2012-12-31,2012,0,Total,Admin1,Year,LITERATURE-IND-19972012-Y01-01,SEARO
INDIA,J & K,NA,"INDIA, J & K",IND,40427,IN-JK,NA,2012-01-01,2012-12-31,2012,16,Total,Admin1,Year,LITERATURE-IND-19972012-Y01-01,SEARO
INDIA,JHARKHAND,NA,"INDIA, JHARKHAND",IND,70078,IN-JH,NA,2012-01-01,2012-12-31,2012,42,Total,Admin1,Year,LITERATURE-IND-19972012-Y01-01,SEARO
INDIA,KARNATAKA,NA,"INDIA, KARNATAKA",IND,1494,IN-KA,NA,2012-01-01,2012-12-31,2012,3640,Total,Admin1,Year,LITERATURE-IND-19972012-Y01-01,SEARO
INDIA,KERALA,NA,"INDIA, KERALA",IND,1495,IN-KL,NA,2012-01-01,2012-12-31,2012,3760,Total,Admin1,Year,LITERATURE-IND-19972012-Y01-01,SEARO
INDIA,MADHYA PRADESH,NA,"INDIA, MADHYA PRADESH",IND,70079,IN-MP,NA,2012-01-01,2012-12-31,2012,139,Total,Admin1,Year,LITERATURE-IND-19972012-Y01-01,SEARO
INDIA,MEGHALAYA,NA,"INDIA, MEGHALAYA",IND,1501,IN-ML,NA,2012-01-01,2012-12-31,2012,11,Total,Admin1,Year,LITERATURE-IND-19972012-Y01-01,SEARO
INDIA,MAHARASHTRA,NA,"INDIA, MAHARASHTRA",IND,1498,IN-MH,NA,2012-01-01,2012-12-31,2012,1731,Total,Admin1,Year,LITERATURE-IND-19972012-Y01-01,SEARO
INDIA,MANIPUR,NA,"INDIA, MANIPUR",IND,1500,IN-MN,NA,2012-01-01,2012-12-31,2012,6,Total,Admin1,Year,LITERATURE-IND-19972012-Y01-01,SEARO
INDIA,MIZORAM,NA,"INDIA, MIZORAM",IND,1502,IN-MZ,NA,2012-01-01,2012-12-31,2012,6,Total,Admin1,Year,LITERATURE-IND-19972012-Y01-01,SEARO
INDIA,NAGALAND,NA,"INDIA, NAGALAND",IND,1503,IN-NL,NA,2012-01-01,2012-12-31,2012,0,Total,Admin1,Year,LITERATURE-IND-19972012-Y01-01,SEARO
INDIA,ORISSA,NA,"INDIA, ORISSA",IND,1504,IN-OR,NA,2012-01-01,2012-12-31,2012,2196,Total,Admin1,Year,LITERATURE-IND-19972012-Y01-01,SEARO
INDIA,PUNJAB,NA,"INDIA, PUNJAB",IND,1505,IN-PB,NA,2012-01-01,2012-12-31,2012,702,Total,Admin1,Year,LITERATURE-IND-19972012-Y01-01,SEARO
INDIA,RAJASTHAN,NA,"INDIA, RAJASTHAN",IND,1506,IN-RJ,NA,2012-01-01,2012-12-31,2012,906,Total,Admin1,Year,LITERATURE-IND-19972012-Y01-01,SEARO
INDIA,SIKKIM,NA,"INDIA, SIKKIM",IND,1507,IN-SK,NA,2012-01-01,2012-12-31,2012,2,Total,Admin1,Year,LITERATURE-IND-19972012-Y01-01,SEARO
INDIA,D&N HAVELI,NA,"INDIA, D&N HAVELI",IND,70076,IN-DH,NA,2012-01-01,2012-12-31,2012,138,Total,Admin1,Year,LITERATURE-IND-19972012-Y01-01,SEARO
INDIA,DAMAN & DIU,NA,"INDIA, DAMAN & DIU",IND,70077,IN-DH,NA,2012-01-01,2012-12-31,2012,54,Total,Admin1,Year,LITERATURE-IND-19972012-Y01-01,SEARO
INDIA,PUDUCHERRY,NA,"INDIA, PUDUCHERRY",IND,70080,IN-PY,NA,2012-01-01,2012-12-31,2012,1102,Total,Admin1,Year,LITERATURE-IND-19972012-Y01-01,SEARO
INDIA,NA,NA,INDIA,IND,115,IND,NA,2013-01-01,2013-12-31,2013,55153,Confirmed,Admin0,Year,LITERATURE-IND-19982014-Y02-00,SEARO
INDIA,NA,NA,INDIA,IND,115,IND,NA,2014-01-01,2014-12-31,2014,28933,Confirmed,Admin0,Year,LITERATURE-IND-19982014-Y02-00,SEARO
INDIA,ANDAMAN AND NICOBAR,NA,"INDIA, ANDAMAN AND NICOBAR",IND,1484,IN-AN,NA,2015-01-01,2015-12-31,2015,153,Total,Admin1,Year,MOH-IND-20152024-Y01-00,SEARO
INDIA,ANDHRA PRADESH,NA,"INDIA, ANDHRA PRADESH",IND,1485,IN-AP,NA,2015-01-01,2015-12-31,2015,3159,Total,Admin1,Year,MOH-IND-20152024-Y01-00,SEARO
INDIA,ARUNACHAL PRADESH,NA,"INDIA, ARUNACHAL PRADESH",IND,70072,IN-AR,NA,2015-01-01,2015-12-31,2015,1933,Total,Admin1,Year,MOH-IND-20152024-Y01-00,SEARO
INDIA,ASSAM,NA,"INDIA, ASSAM",IND,1487,IN-AS,NA,2015-01-01,2015-12-31,2015,1076,Total,Admin1,Year,MOH-IND-20152024-Y01-00,SEARO
INDIA,BIHAR,NA,"INDIA, BIHAR",IND,70073,IN-BR,NA,2015-01-01,2015-12-31,2015,1771,Total,Admin1,Year,MOH-IND-20152024-Y01-00,SEARO
INDIA,CHANDIGARH,NA,"INDIA, CHANDIGARH",IND,70074,IN-CH,NA,2015-01-01,2015-12-31,2015,966,Total,Admin1,Year,MOH-IND-20152024-Y01-00,SEARO
INDIA,CHHATTISGARH,NA,"INDIA, CHHATTISGARH",IND,70075,IN-CT,NA,2015-01-01,2015-12-31,2015,384,Total,Admin1,Year,MOH-IND-20152024-Y01-00,SEARO
INDIA,DADRA AND NAGAR HAVELI,NA,"INDIA, DADRA AND NAGAR HAVELI",IND,70076,IN-DH,NA,2015-01-01,2015-12-31,2015,1154,Total,Admin1,Year,MOH-IND-20152024-Y01-00,SEARO
INDIA,DAMAN AND DIU,NA,"INDIA, DAMAN AND DIU",IND,70077,IN-DH,NA,2015-01-01,2015-12-31,2015,165,Total,Admin1,Year,MOH-IND-20152024-Y01-00,SEARO
INDIA,DELHI,NA,"INDIA, DELHI",IND,1489,IN-DL,NA,2015-01-01,2015-12-31,2015,15867,Total,Admin1,Year,MOH-IND-20152024-Y01-00,SEARO
INDIA,GOA,NA,"INDIA, GOA",IND,1490,IN-GA,NA,2015-01-01,2015-12-31,2015,293,Total,Admin1,Year,MOH-IND-20152024-Y01-00,SEARO
INDIA,GUJARAT,NA,"INDIA, GUJARAT",IND,1491,IN-GJ,NA,2015-01-01,2015-12-31,2015,5590,Total,Admin1,Year,MOH-IND-20152024-Y01-00,SEARO
INDIA,HARYANA,NA,"INDIA, HARYANA",IND,1492,IN-HR,NA,2015-01-01,2015-12-31,2015,9921,Total,Admin1,Year,MOH-IND-20152024-Y01-00,SEARO
INDIA,HIMACHAL PRADESH,NA,"INDIA, HIMACHAL PRADESH",IND,1493,IN-HP,NA,2015-01-01,2015-12-31,2015,19,Total,Admin1,Year,MOH-IND-20152024-Y01-00,SEARO
INDIA,J & K,NA,"INDIA, J & K",IND,40427,IN-JK,NA,2015-01-01,2015-12-31,2015,153,Total,Admin1,Year,MOH-IND-20152024-Y01-00,SEARO
INDIA,JHARKHAND,NA,"INDIA, JHARKHAND",IND,70078,IN-JH,NA,2015-01-01,2015-12-31,2015,102,Total,Admin1,Year,MOH-IND-20152024-Y01-00,SEARO
INDIA,KARNATAKA,NA,"INDIA, KARNATAKA",IND,1494,IN-KA,NA,2015-01-01,2015-12-31,2015,5077,Total,Admin1,Year,MOH-IND-20152024-Y01-00,SEARO
INDIA,KERALA,NA,"INDIA, KERALA",IND,1495,IN-KL,NA,2015-01-01,2015-12-31,2015,4075,Total,Admin1,Year,MOH-IND-20152024-Y01-00,SEARO
INDIA,LAKSHADWEEP,NA,"INDIA, LAKSHADWEEP",IND,1496,IN-LD,NA,2015-01-01,2015-12-31,2015,0,Total,Admin1,Year,MOH-IND-20152024-Y01-00,SEARO
INDIA,MADHYA PRADESH,NA,"INDIA, MADHYA PRADESH",IND,70079,IN-MP,NA,2015-01-01,2015-12-31,2015,2108,Total,Admin1,Year,MOH-IND-20152024-Y01-00,SEARO
INDIA,MAHARASHTRA,NA,"INDIA, MAHARASHTRA",IND,1498,IN-MH,NA,2015-01-01,2015-12-31,2015,4936,Total,Admin1,Year,MOH-IND-20152024-Y01-00,SEARO
INDIA,MANIPUR,NA,"INDIA, MANIPUR",IND,1500,IN-MN,NA,2015-01-01,2015-12-31,2015,52,Total,Admin1,Year,MOH-IND-20152024-Y01-00,SEARO
INDIA,MEGHALAYA,NA,"INDIA, MEGHALAYA",IND,1501,IN-ML,NA,2015-01-01,2015-12-31,2015,13,Total,Admin1,Year,MOH-IND-20152024-Y01-00,SEARO
INDIA,MIZORAM,NA,"INDIA, MIZORAM",IND,1502,IN-MZ,NA,2015-01-01,2015-12-31,2015,43,Total,Admin1,Year,MOH-IND-20152024-Y01-00,SEARO
INDIA,NAGALAND,NA,"INDIA, NAGALAND",IND,1503,IN-NL,NA,2015-01-01,2015-12-31,2015,21,Total,Admin1,Year,MOH-IND-20152024-Y01-00,SEARO
INDIA,ORISSA,NA,"INDIA, ORISSA",IND,1504,IN-OR,NA,2015-01-01,2015-12-31,2015,2450,Total,Admin1,Year,MOH-IND-20152024-Y01-00,SEARO
INDIA,PUDUCHERRY,NA,"INDIA, PUDUCHERRY",IND,70080,IN-PY,NA,2015-01-01,2015-12-31,2015,771,Total,Admin1,Year,MOH-IND-20152024-Y01-00,SEARO
INDIA,PUNJAB,NA,"INDIA, PUNJAB",IND,1505,IN-PB,NA,2015-01-01,2015-12-31,2015,14128,Total,Admin1,Year,MOH-IND-20152024-Y01-00,SEARO
INDIA,RAJASTHAN,NA,"INDIA, RAJASTHAN",IND,1506,IN-RJ,NA,2015-01-01,2015-12-31,2015,4043,Total,Admin1,Year,MOH-IND-20152024-Y01-00,SEARO
INDIA,SIKKIM,NA,"INDIA, SIKKIM",IND,1507,IN-SK,NA,2015-01-01,2015-12-31,2015,21,Total,Admin1,Year,MOH-IND-20152024-Y01-00,SEARO
INDIA,TAMIL NADU,NA,"INDIA, TAMIL NADU",IND,1508,IN-TN,NA,2015-01-01,2015-12-31,2015,4535,Total,Admin1,Year,MOH-IND-20152024-Y01-00,SEARO
INDIA,TELANGANA,NA,"INDIA, TELANGANA",IND,1485,IN-AP,NA,2015-01-01,2015-12-31,2015,1831,Total,Admin1,Year,MOH-IND-20152024-Y01-00,SEARO
INDIA,TRIPURA,NA,"INDIA, TRIPURA",IND,1509,IN-TR,NA,2015-01-01,2015-12-31,2015,40,Total,Admin1,Year,MOH-IND-20152024-Y01-00,SEARO
INDIA,UTTAR PRADESH,NA,"INDIA, UTTAR PRADESH",IND,70081,IN-UP,NA,2015-01-01,2015-12-31,2015,2892,Total,Admin1,Year,MOH-IND-20152024-Y01-00,SEARO
INDIA,UTTARAKHAND,NA,"INDIA, UTTARAKHAND",IND,70082,IN-UT,NA,2015-01-01,2015-12-31,2015,1655,Total,Admin1,Year,MOH-IND-20152024-Y01-00,SEARO
INDIA,WEST BENGAL,NA,"INDIA, WEST BENGAL",IND,1511,IN-WB,NA,2015-01-01,2015-12-31,2015,8516,Total,Admin1,Year,MOH-IND-20152024-Y01-00,SEARO
INDIA,ANDAMAN AND NICOBAR,NA,"INDIA, ANDAMAN AND NICOBAR",IND,1484,IN-AN,NA,2016-01-01,2016-12-31,2016,92,Total,Admin1,Year,MOH-IND-20152024-Y01-00,SEARO
INDIA,ANDHRA PRADESH,NA,"INDIA, ANDHRA PRADESH",IND,1485,IN-AP,NA,2016-01-01,2016-12-31,2016,3417,Total,Admin1,Year,MOH-IND-20152024-Y01-00,SEARO
INDIA,ARUNACHAL PRADESH,NA,"INDIA, ARUNACHAL PRADESH",IND,70072,IN-AR,NA,2016-01-01,2016-12-31,2016,13,Total,Admin1,Year,MOH-IND-20152024-Y01-00,SEARO
INDIA,ASSAM,NA,"INDIA, ASSAM",IND,1487,IN-AS,NA,2016-01-01,2016-12-31,2016,6157,Total,Admin1,Year,MOH-IND-20152024-Y01-00,SEARO
INDIA,BIHAR,NA,"INDIA, BIHAR",IND,70073,IN-BR,NA,2016-01-01,2016-12-31,2016,1912,Total,Admin1,Year,MOH-IND-20152024-Y01-00,SEARO
INDIA,CHANDIGARH,NA,"INDIA, CHANDIGARH",IND,70074,IN-CH,NA,2016-01-01,2016-12-31,2016,1246,Total,Admin1,Year,MOH-IND-20152024-Y01-00,SEARO
INDIA,CHHATTISGARH,NA,"INDIA, CHHATTISGARH",IND,70075,IN-CT,NA,2016-01-01,2016-12-31,2016,356,Total,Admin1,Year,MOH-IND-20152024-Y01-00,SEARO
INDIA,DADRA AND NAGAR HAVELI,NA,"INDIA, DADRA AND NAGAR HAVELI",IND,70076,IN-DH,NA,2016-01-01,2016-12-31,2016,4161,Total,Admin1,Year,MOH-IND-20152024-Y01-00,SEARO
INDIA,DAMAN AND DIU,NA,"INDIA, DAMAN AND DIU",IND,70077,IN-DH,NA,2016-01-01,2016-12-31,2016,89,Total,Admin1,Year,MOH-IND-20152024-Y01-00,SEARO
INDIA,DELHI,NA,"INDIA, DELHI",IND,1489,IN-DL,NA,2016-01-01,2016-12-31,2016,4431,Total,Admin1,Year,MOH-IND-20152024-Y01-00,SEARO
INDIA,GOA,NA,"INDIA, GOA",IND,1490,IN-GA,NA,2016-01-01,2016-12-31,2016,150,Total,Admin1,Year,MOH-IND-20152024-Y01-00,SEARO
INDIA,GUJARAT,NA,"INDIA, GUJARAT",IND,1491,IN-GJ,NA,2016-01-01,2016-12-31,2016,8028,Total,Admin1,Year,MOH-IND-20152024-Y01-00,SEARO
INDIA,HARYANA,NA,"INDIA, HARYANA",IND,1492,IN-HR,NA,2016-01-01,2016-12-31,2016,2493,Total,Admin1,Year,MOH-IND-20152024-Y01-00,SEARO
INDIA,HIMACHAL PRADESH,NA,"INDIA, HIMACHAL PRADESH",IND,1493,IN-HP,NA,2016-01-01,2016-12-31,2016,322,Total,Admin1,Year,MOH-IND-20152024-Y01-00,SEARO
INDIA,J & K,NA,"INDIA, J & K",IND,40427,IN-JK,NA,2016-01-01,2016-12-31,2016,79,Total,Admin1,Year,MOH-IND-20152024-Y01-00,SEARO
INDIA,JHARKHAND,NA,"INDIA, JHARKHAND",IND,70078,IN-JH,NA,2016-01-01,2016-12-31,2016,414,Total,Admin1,Year,MOH-IND-20152024-Y01-00,SEARO
INDIA,KARNATAKA,NA,"INDIA, KARNATAKA",IND,1494,IN-KA,NA,2016-01-01,2016-12-31,2016,6083,Total,Admin1,Year,MOH-IND-20152024-Y01-00,SEARO
INDIA,KERALA,NA,"INDIA, KERALA",IND,1495,IN-KL,NA,2016-01-01,2016-12-31,2016,7439,Total,Admin1,Year,MOH-IND-20152024-Y01-00,SEARO
INDIA,LAKSHADWEEP,NA,"INDIA, LAKSHADWEEP",IND,1496,IN-LD,NA,2016-01-01,2016-12-31,2016,0,Total,Admin1,Year,MOH-IND-20152024-Y01-00,SEARO
INDIA,MADHYA PRADESH,NA,"INDIA, MADHYA PRADESH",IND,70079,IN-MP,NA,2016-01-01,2016-12-31,2016,3150,Total,Admin1,Year,MOH-IND-20152024-Y01-00,SEARO
INDIA,MAHARASHTRA,NA,"INDIA, MAHARASHTRA",IND,1498,IN-MH,NA,2016-01-01,2016-12-31,2016,6792,Total,Admin1,Year,MOH-IND-20152024-Y01-00,SEARO
INDIA,MANIPUR,NA,"INDIA, MANIPUR",IND,1500,IN-MN,NA,2016-01-01,2016-12-31,2016,51,Total,Admin1,Year,MOH-IND-20152024-Y01-00,SEARO
INDIA,MEGHALAYA,NA,"INDIA, MEGHALAYA",IND,1501,IN-ML,NA,2016-01-01,2016-12-31,2016,172,Total,Admin1,Year,MOH-IND-20152024-Y01-00,SEARO
INDIA,MIZORAM,NA,"INDIA, MIZORAM",IND,1502,IN-MZ,NA,2016-01-01,2016-12-31,2016,580,Total,Admin1,Year,MOH-IND-20152024-Y01-00,SEARO
INDIA,NAGALAND,NA,"INDIA, NAGALAND",IND,1503,IN-NL,NA,2016-01-01,2016-12-31,2016,142,Total,Admin1,Year,MOH-IND-20152024-Y01-00,SEARO
INDIA,ORISSA,NA,"INDIA, ORISSA",IND,1504,IN-OR,NA,2016-01-01,2016-12-31,2016,8380,Total,Admin1,Year,MOH-IND-20152024-Y01-00,SEARO
INDIA,PUDUCHERRY,NA,"INDIA, PUDUCHERRY",IND,70080,IN-PY,NA,2016-01-01,2016-12-31,2016,490,Total,Admin1,Year,MOH-IND-20152024-Y01-00,SEARO
INDIA,PUNJAB,NA,"INDIA, PUNJAB",IND,1505,IN-PB,NA,2016-01-01,2016-12-31,2016,10439,Total,Admin1,Year,MOH-IND-20152024-Y01-00,SEARO
INDIA,RAJASTHAN,NA,"INDIA, RAJASTHAN",IND,1506,IN-RJ,NA,2016-01-01,2016-12-31,2016,5292,Total,Admin1,Year,MOH-IND-20152024-Y01-00,SEARO
INDIA,SIKKIM,NA,"INDIA, SIKKIM",IND,1507,IN-SK,NA,2016-01-01,2016-12-31,2016,82,Total,Admin1,Year,MOH-IND-20152024-Y01-00,SEARO
INDIA,TAMIL NADU,NA,"INDIA, TAMIL NADU",IND,1508,IN-TN,NA,2016-01-01,2016-12-31,2016,2531,Total,Admin1,Year,MOH-IND-20152024-Y01-00,SEARO
INDIA,TELANGANA,NA,"INDIA, TELANGANA",IND,1485,IN-AP,NA,2016-01-01,2016-12-31,2016,4037,Total,Admin1,Year,MOH-IND-20152024-Y01-00,SEARO
INDIA,TRIPURA,NA,"INDIA, TRIPURA",IND,1509,IN-TR,NA,2016-01-01,2016-12-31,2016,102,Total,Admin1,Year,MOH-IND-20152024-Y01-00,SEARO
INDIA,UTTAR PRADESH,NA,"INDIA, UTTAR PRADESH",IND,70081,IN-UP,NA,2016-01-01,2016-12-31,2016,15033,Total,Admin1,Year,MOH-IND-20152024-Y01-00,SEARO
INDIA,UTTARAKHAND,NA,"INDIA, UTTARAKHAND",IND,70082,IN-UT,NA,2016-01-01,2016-12-31,2016,2146,Total,Admin1,Year,MOH-IND-20152024-Y01-00,SEARO
INDIA,WEST BENGAL,NA,"INDIA, WEST BENGAL",IND,1511,IN-WB,NA,2016-01-01,2016-12-31,2016,22865,Total,Admin1,Year,MOH-IND-20152024-Y01-00,SEARO
INDIA,ANDAMAN AND NICOBAR,NA,"INDIA, ANDAMAN AND NICOBAR",IND,1484,IN-AN,NA,2017-01-01,2017-12-31,2017,18,Total,Admin1,Year,MOH-IND-20152024-Y01-00,SEARO
INDIA,ANDHRA PRADESH,NA,"INDIA, ANDHRA PRADESH",IND,1485,IN-AP,NA,2017-01-01,2017-12-31,2017,4925,Total,Admin1,Year,MOH-IND-20152024-Y01-00,SEARO
INDIA,ARUNACHAL PRADESH,NA,"INDIA, ARUNACHAL PRADESH",IND,70072,IN-AR,NA,2017-01-01,2017-12-31,2017,18,Total,Admin1,Year,MOH-IND-20152024-Y01-00,SEARO
INDIA,ASSAM,NA,"INDIA, ASSAM",IND,1487,IN-AS,NA,2017-01-01,2017-12-31,2017,5024,Total,Admin1,Year,MOH-IND-20152024-Y01-00,SEARO
INDIA,BIHAR,NA,"INDIA, BIHAR",IND,70073,IN-BR,NA,2017-01-01,2017-12-31,2017,1854,Total,Admin1,Year,MOH-IND-20152024-Y01-00,SEARO
INDIA,CHANDIGARH,NA,"INDIA, CHANDIGARH",IND,70074,IN-CH,NA,2017-01-01,2017-12-31,2017,1125,Total,Admin1,Year,MOH-IND-20152024-Y01-00,SEARO
INDIA,CHHATTISGARH,NA,"INDIA, CHHATTISGARH",IND,70075,IN-CT,NA,2017-01-01,2017-12-31,2017,444,Total,Admin1,Year,MOH-IND-20152024-Y01-00,SEARO
INDIA,DADRA AND NAGAR HAVELI,NA,"INDIA, DADRA AND NAGAR HAVELI",IND,70076,IN-DH,NA,2017-01-01,2017-12-31,2017,2064,Total,Admin1,Year,MOH-IND-20152024-Y01-00,SEARO
INDIA,DAMAN AND DIU,NA,"INDIA, DAMAN AND DIU",IND,70077,IN-DH,NA,2017-01-01,2017-12-31,2017,59,Total,Admin1,Year,MOH-IND-20152024-Y01-00,SEARO
INDIA,DELHI,NA,"INDIA, DELHI",IND,1489,IN-DL,NA,2017-01-01,2017-12-31,2017,9271,Total,Admin1,Year,MOH-IND-20152024-Y01-00,SEARO
INDIA,GOA,NA,"INDIA, GOA",IND,1490,IN-GA,NA,2017-01-01,2017-12-31,2017,235,Total,Admin1,Year,MOH-IND-20152024-Y01-00,SEARO
INDIA,GUJARAT,NA,"INDIA, GUJARAT",IND,1491,IN-GJ,NA,2017-01-01,2017-12-31,2017,4753,Total,Admin1,Year,MOH-IND-20152024-Y01-00,SEARO
INDIA,HARYANA,NA,"INDIA, HARYANA",IND,1492,IN-HR,NA,2017-01-01,2017-12-31,2017,4550,Total,Admin1,Year,MOH-IND-20152024-Y01-00,SEARO
INDIA,HIMACHAL PRADESH,NA,"INDIA, HIMACHAL PRADESH",IND,1493,IN-HP,NA,2017-01-01,2017-12-31,2017,452,Total,Admin1,Year,MOH-IND-20152024-Y01-00,SEARO
INDIA,J & K,NA,"INDIA, J & K",IND,40427,IN-JK,NA,2017-01-01,2017-12-31,2017,488,Total,Admin1,Year,MOH-IND-20152024-Y01-00,SEARO
INDIA,JHARKHAND,NA,"INDIA, JHARKHAND",IND,70078,IN-JH,NA,2017-01-01,2017-12-31,2017,710,Total,Admin1,Year,MOH-IND-20152024-Y01-00,SEARO
INDIA,KARNATAKA,NA,"INDIA, KARNATAKA",IND,1494,IN-KA,NA,2017-01-01,2017-12-31,2017,17844,Total,Admin1,Year,MOH-IND-20152024-Y01-00,SEARO
INDIA,KERALA,NA,"INDIA, KERALA",IND,1495,IN-KL,NA,2017-01-01,2017-12-31,2017,19994,Total,Admin1,Year,MOH-IND-20152024-Y01-00,SEARO
INDIA,LAKSHADWEEP,NA,"INDIA, LAKSHADWEEP",IND,1496,IN-LD,NA,2017-01-01,2017-12-31,2017,0,Total,Admin1,Year,MOH-IND-20152024-Y01-00,SEARO
INDIA,MADHYA PRADESH,NA,"INDIA, MADHYA PRADESH",IND,70079,IN-MP,NA,2017-01-01,2017-12-31,2017,2666,Total,Admin1,Year,MOH-IND-20152024-Y01-00,SEARO
INDIA,MAHARASHTRA,NA,"INDIA, MAHARASHTRA",IND,1498,IN-MH,NA,2017-01-01,2017-12-31,2017,7829,Total,Admin1,Year,MOH-IND-20152024-Y01-00,SEARO
INDIA,MANIPUR,NA,"INDIA, MANIPUR",IND,1500,IN-MN,NA,2017-01-01,2017-12-31,2017,193,Total,Admin1,Year,MOH-IND-20152024-Y01-00,SEARO
INDIA,MEGHALAYA,NA,"INDIA, MEGHALAYA",IND,1501,IN-ML,NA,2017-01-01,2017-12-31,2017,52,Total,Admin1,Year,MOH-IND-20152024-Y01-00,SEARO
INDIA,MIZORAM,NA,"INDIA, MIZORAM",IND,1502,IN-MZ,NA,2017-01-01,2017-12-31,2017,136,Total,Admin1,Year,MOH-IND-20152024-Y01-00,SEARO
INDIA,NAGALAND,NA,"INDIA, NAGALAND",IND,1503,IN-NL,NA,2017-01-01,2017-12-31,2017,357,Total,Admin1,Year,MOH-IND-20152024-Y01-00,SEARO
INDIA,ORISSA,NA,"INDIA, ORISSA",IND,1504,IN-OR,NA,2017-01-01,2017-12-31,2017,4158,Total,Admin1,Year,MOH-IND-20152024-Y01-00,SEARO
INDIA,PUDUCHERRY,NA,"INDIA, PUDUCHERRY",IND,70080,IN-PY,NA,2017-01-01,2017-12-31,2017,4568,Total,Admin1,Year,MOH-IND-20152024-Y01-00,SEARO
INDIA,PUNJAB,NA,"INDIA, PUNJAB",IND,1505,IN-PB,NA,2017-01-01,2017-12-31,2017,15398,Total,Admin1,Year,MOH-IND-20152024-Y01-00,SEARO
INDIA,RAJASTHAN,NA,"INDIA, RAJASTHAN",IND,1506,IN-RJ,NA,2017-01-01,2017-12-31,2017,8427,Total,Admin1,Year,MOH-IND-20152024-Y01-00,SEARO
INDIA,SIKKIM,NA,"INDIA, SIKKIM",IND,1507,IN-SK,NA,2017-01-01,2017-12-31,2017,312,Total,Admin1,Year,MOH-IND-20152024-Y01-00,SEARO
INDIA,TAMIL NADU,NA,"INDIA, TAMIL NADU",IND,1508,IN-TN,NA,2017-01-01,2017-12-31,2017,23294,Total,Admin1,Year,MOH-IND-20152024-Y01-00,SEARO
INDIA,TELANGANA,NA,"INDIA, TELANGANA",IND,1485,IN-AP,NA,2017-01-01,2017-12-31,2017,5369,Total,Admin1,Year,MOH-IND-20152024-Y01-00,SEARO
INDIA,TRIPURA,NA,"INDIA, TRIPURA",IND,1509,IN-TR,NA,2017-01-01,2017-12-31,2017,127,Total,Admin1,Year,MOH-IND-20152024-Y01-00,SEARO
INDIA,UTTAR PRADESH,NA,"INDIA, UTTAR PRADESH",IND,70081,IN-UP,NA,2017-01-01,2017-12-31,2017,3092,Total,Admin1,Year,MOH-IND-20152024-Y01-00,SEARO
INDIA,UTTARAKHAND,NA,"INDIA, UTTARAKHAND",IND,70082,IN-UT,NA,2017-01-01,2017-12-31,2017,849,Total,Admin1,Year,MOH-IND-20152024-Y01-00,SEARO
INDIA,WEST BENGAL,NA,"INDIA, WEST BENGAL",IND,1511,IN-WB,NA,2017-01-01,2017-12-31,2017,37746,Total,Admin1,Year,MOH-IND-20152024-Y01-00,SEARO
INDIA,ANDAMAN AND NICOBAR,NA,"INDIA, ANDAMAN AND NICOBAR",IND,1484,IN-AN,NA,2018-01-01,2018-12-31,2018,49,Total,Admin1,Year,MOH-IND-20152024-Y01-00,SEARO
INDIA,ANDHRA PRADESH,NA,"INDIA, ANDHRA PRADESH",IND,1485,IN-AP,NA,2018-01-01,2018-12-31,2018,4011,Total,Admin1,Year,MOH-IND-20152024-Y01-00,SEARO
INDIA,ARUNACHAL PRADESH,NA,"INDIA, ARUNACHAL PRADESH",IND,70072,IN-AR,NA,2018-01-01,2018-12-31,2018,1,Total,Admin1,Year,MOH-IND-20152024-Y01-00,SEARO
INDIA,ASSAM,NA,"INDIA, ASSAM",IND,1487,IN-AS,NA,2018-01-01,2018-12-31,2018,166,Total,Admin1,Year,MOH-IND-20152024-Y01-00,SEARO
INDIA,BIHAR,NA,"INDIA, BIHAR",IND,70073,IN-BR,NA,2018-01-01,2018-12-31,2018,2142,Total,Admin1,Year,MOH-IND-20152024-Y01-00,SEARO
INDIA,CHANDIGARH,NA,"INDIA, CHANDIGARH",IND,70074,IN-CH,NA,2018-01-01,2018-12-31,2018,301,Total,Admin1,Year,MOH-IND-20152024-Y01-00,SEARO
INDIA,CHHATTISGARH,NA,"INDIA, CHHATTISGARH",IND,70075,IN-CT,NA,2018-01-01,2018-12-31,2018,2674,Total,Admin1,Year,MOH-IND-20152024-Y01-00,SEARO
INDIA,DADRA AND NAGAR HAVELI,NA,"INDIA, DADRA AND NAGAR HAVELI",IND,70076,IN-DH,NA,2018-01-01,2018-12-31,2018,493,Total,Admin1,Year,MOH-IND-20152024-Y01-00,SEARO
INDIA,DAMAN AND DIU,NA,"INDIA, DAMAN AND DIU",IND,70077,IN-DH,NA,2018-01-01,2018-12-31,2018,163,Total,Admin1,Year,MOH-IND-20152024-Y01-00,SEARO
INDIA,DELHI,NA,"INDIA, DELHI",IND,1489,IN-DL,NA,2018-01-01,2018-12-31,2018,7136,Total,Admin1,Year,MOH-IND-20152024-Y01-00,SEARO
INDIA,GOA,NA,"INDIA, GOA",IND,1490,IN-GA,NA,2018-01-01,2018-12-31,2018,335,Total,Admin1,Year,MOH-IND-20152024-Y01-00,SEARO
INDIA,GUJARAT,NA,"INDIA, GUJARAT",IND,1491,IN-GJ,NA,2018-01-01,2018-12-31,2018,7579,Total,Admin1,Year,MOH-IND-20152024-Y01-00,SEARO
INDIA,HARYANA,NA,"INDIA, HARYANA",IND,1492,IN-HR,NA,2018-01-01,2018-12-31,2018,1898,Total,Admin1,Year,MOH-IND-20152024-Y01-00,SEARO
INDIA,HIMACHAL PRADESH,NA,"INDIA, HIMACHAL PRADESH",IND,1493,IN-HP,NA,2018-01-01,2018-12-31,2018,4672,Total,Admin1,Year,MOH-IND-20152024-Y01-00,SEARO
INDIA,J & K,NA,"INDIA, J & K",IND,40427,IN-JK,NA,2018-01-01,2018-12-31,2018,214,Total,Admin1,Year,MOH-IND-20152024-Y01-00,SEARO
INDIA,JHARKHAND,NA,"INDIA, JHARKHAND",IND,70078,IN-JH,NA,2018-01-01,2018-12-31,2018,463,Total,Admin1,Year,MOH-IND-20152024-Y01-00,SEARO
INDIA,KARNATAKA,NA,"INDIA, KARNATAKA",IND,1494,IN-KA,NA,2018-01-01,2018-12-31,2018,4427,Total,Admin1,Year,MOH-IND-20152024-Y01-00,SEARO
INDIA,KERALA,NA,"INDIA, KERALA",IND,1495,IN-KL,NA,2018-01-01,2018-12-31,2018,4083,Total,Admin1,Year,MOH-IND-20152024-Y01-00,SEARO
INDIA,LAKSHADWEEP,NA,"INDIA, LAKSHADWEEP",IND,1496,IN-LD,NA,2018-01-01,2018-12-31,2018,0,Total,Admin1,Year,MOH-IND-20152024-Y01-00,SEARO
INDIA,MADHYA PRADESH,NA,"INDIA, MADHYA PRADESH",IND,70079,IN-MP,NA,2018-01-01,2018-12-31,2018,4506,Total,Admin1,Year,MOH-IND-20152024-Y01-00,SEARO
INDIA,MAHARASHTRA,NA,"INDIA, MAHARASHTRA",IND,1498,IN-MH,NA,2018-01-01,2018-12-31,2018,11011,Total,Admin1,Year,MOH-IND-20152024-Y01-00,SEARO
INDIA,MANIPUR,NA,"INDIA, MANIPUR",IND,1500,IN-MN,NA,2018-01-01,2018-12-31,2018,14,Total,Admin1,Year,MOH-IND-20152024-Y01-00,SEARO
INDIA,MEGHALAYA,NA,"INDIA, MEGHALAYA",IND,1501,IN-ML,NA,2018-01-01,2018-12-31,2018,44,Total,Admin1,Year,MOH-IND-20152024-Y01-00,SEARO
INDIA,MIZORAM,NA,"INDIA, MIZORAM",IND,1502,IN-MZ,NA,2018-01-01,2018-12-31,2018,68,Total,Admin1,Year,MOH-IND-20152024-Y01-00,SEARO
INDIA,NAGALAND,NA,"INDIA, NAGALAND",IND,1503,IN-NL,NA,2018-01-01,2018-12-31,2018,369,Total,Admin1,Year,MOH-IND-20152024-Y01-00,SEARO
INDIA,ORISSA,NA,"INDIA, ORISSA",IND,1504,IN-OR,NA,2018-01-01,2018-12-31,2018,5198,Total,Admin1,Year,MOH-IND-20152024-Y01-00,SEARO
INDIA,PUDUCHERRY,NA,"INDIA, PUDUCHERRY",IND,70080,IN-PY,NA,2018-01-01,2018-12-31,2018,592,Total,Admin1,Year,MOH-IND-20152024-Y01-00,SEARO
INDIA,PUNJAB,NA,"INDIA, PUNJAB",IND,1505,IN-PB,NA,2018-01-01,2018-12-31,2018,14980,Total,Admin1,Year,MOH-IND-20152024-Y01-00,SEARO
INDIA,RAJASTHAN,NA,"INDIA, RAJASTHAN",IND,1506,IN-RJ,NA,2018-01-01,2018-12-31,2018,9587,Total,Admin1,Year,MOH-IND-20152024-Y01-00,SEARO
INDIA,SIKKIM,NA,"INDIA, SIKKIM",IND,1507,IN-SK,NA,2018-01-01,2018-12-31,2018,320,Total,Admin1,Year,MOH-IND-20152024-Y01-00,SEARO
INDIA,TAMIL NADU,NA,"INDIA, TAMIL NADU",IND,1508,IN-TN,NA,2018-01-01,2018-12-31,2018,4486,Total,Admin1,Year,MOH-IND-20152024-Y01-00,SEARO
INDIA,TELANGANA,NA,"INDIA, TELANGANA",IND,1485,IN-AP,NA,2018-01-01,2018-12-31,2018,4592,Total,Admin1,Year,MOH-IND-20152024-Y01-00,SEARO
INDIA,TRIPURA,NA,"INDIA, TRIPURA",IND,1509,IN-TR,NA,2018-01-01,2018-12-31,2018,100,Total,Admin1,Year,MOH-IND-20152024-Y01-00,SEARO
INDIA,UTTAR PRADESH,NA,"INDIA, UTTAR PRADESH",IND,70081,IN-UP,NA,2018-01-01,2018-12-31,2018,3829,Total,Admin1,Year,MOH-IND-20152024-Y01-00,SEARO
INDIA,UTTARAKHAND,NA,"INDIA, UTTARAKHAND",IND,70082,IN-UT,NA,2018-01-01,2018-12-31,2018,689,Total,Admin1,Year,MOH-IND-20152024-Y01-00,SEARO
INDIA,ANDAMAN AND NICOBAR,NA,"INDIA, ANDAMAN AND NICOBAR",IND,1484,IN-AN,NA,2019-01-01,2019-12-31,2019,168,Total,Admin1,Year,MOH-IND-20152024-Y01-00,SEARO
INDIA,ANDHRA PRADESH,NA,"INDIA, ANDHRA PRADESH",IND,1485,IN-AP,NA,2019-01-01,2019-12-31,2019,5286,Total,Admin1,Year,MOH-IND-20152024-Y01-00,SEARO
INDIA,ARUNACHAL PRADESH,NA,"INDIA, ARUNACHAL PRADESH",IND,70072,IN-AR,NA,2019-01-01,2019-12-31,2019,123,Total,Admin1,Year,MOH-IND-20152024-Y01-00,SEARO
INDIA,ASSAM,NA,"INDIA, ASSAM",IND,1487,IN-AS,NA,2019-01-01,2019-12-31,2019,196,Total,Admin1,Year,MOH-IND-20152024-Y01-00,SEARO
INDIA,BIHAR,NA,"INDIA, BIHAR",IND,70073,IN-BR,NA,2019-01-01,2019-12-31,2019,6712,Total,Admin1,Year,MOH-IND-20152024-Y01-00,SEARO
INDIA,CHANDIGARH,NA,"INDIA, CHANDIGARH",IND,70074,IN-CH,NA,2019-01-01,2019-12-31,2019,286,Total,Admin1,Year,MOH-IND-20152024-Y01-00,SEARO
INDIA,CHHATTISGARH,NA,"INDIA, CHHATTISGARH",IND,70075,IN-CT,NA,2019-01-01,2019-12-31,2019,722,Total,Admin1,Year,MOH-IND-20152024-Y01-00,SEARO
INDIA,DADRA AND NAGAR HAVELI,NA,"INDIA, DADRA AND NAGAR HAVELI",IND,70076,IN-DH,NA,2019-01-01,2019-12-31,2019,1491,Total,Admin1,Year,MOH-IND-20152024-Y01-00,SEARO
INDIA,DAMAN AND DIU,NA,"INDIA, DAMAN AND DIU",IND,70077,IN-DH,NA,2019-01-01,2019-12-31,2019,625,Total,Admin1,Year,MOH-IND-20152024-Y01-00,SEARO
INDIA,DELHI,NA,"INDIA, DELHI",IND,1489,IN-DL,NA,2019-01-01,2019-12-31,2019,5077,Total,Admin1,Year,MOH-IND-20152024-Y01-00,SEARO
INDIA,GOA,NA,"INDIA, GOA",IND,1490,IN-GA,NA,2019-01-01,2019-12-31,2019,992,Total,Admin1,Year,MOH-IND-20152024-Y01-00,SEARO
INDIA,GUJARAT,NA,"INDIA, GUJARAT",IND,1491,IN-GJ,NA,2019-01-01,2019-12-31,2019,18219,Total,Admin1,Year,MOH-IND-20152024-Y01-00,SEARO
INDIA,HARYANA,NA,"INDIA, HARYANA",IND,1492,IN-HR,NA,2019-01-01,2019-12-31,2019,1207,Total,Admin1,Year,MOH-IND-20152024-Y01-00,SEARO
INDIA,HIMACHAL PRADESH,NA,"INDIA, HIMACHAL PRADESH",IND,1493,IN-HP,NA,2019-01-01,2019-12-31,2019,344,Total,Admin1,Year,MOH-IND-20152024-Y01-00,SEARO
INDIA,J & K,NA,"INDIA, J & K",IND,40427,IN-JK,NA,2019-01-01,2019-12-31,2019,439,Total,Admin1,Year,MOH-IND-20152024-Y01-00,SEARO
INDIA,JHARKHAND,NA,"INDIA, JHARKHAND",IND,70078,IN-JH,NA,2019-01-01,2019-12-31,2019,825,Total,Admin1,Year,MOH-IND-20152024-Y01-00,SEARO
INDIA,KARNATAKA,NA,"INDIA, KARNATAKA",IND,1494,IN-KA,NA,2019-01-01,2019-12-31,2019,16986,Total,Admin1,Year,MOH-IND-20152024-Y01-00,SEARO
INDIA,KERALA,NA,"INDIA, KERALA",IND,1495,IN-KL,NA,2019-01-01,2019-12-31,2019,4652,Total,Admin1,Year,MOH-IND-20152024-Y01-00,SEARO
INDIA,LAKSHADWEEP,NA,"INDIA, LAKSHADWEEP",IND,1496,IN-LD,NA,2019-01-01,2019-12-31,2019,0,Total,Admin1,Year,MOH-IND-20152024-Y01-00,SEARO
INDIA,MADHYA PRADESH,NA,"INDIA, MADHYA PRADESH",IND,70079,IN-MP,NA,2019-01-01,2019-12-31,2019,4189,Total,Admin1,Year,MOH-IND-20152024-Y01-00,SEARO
INDIA,MAHARASHTRA,NA,"INDIA, MAHARASHTRA",IND,1498,IN-MH,NA,2019-01-01,2019-12-31,2019,14907,Total,Admin1,Year,MOH-IND-20152024-Y01-00,SEARO
INDIA,MANIPUR,NA,"INDIA, MANIPUR",IND,1500,IN-MN,NA,2019-01-01,2019-12-31,2019,359,Total,Admin1,Year,MOH-IND-20152024-Y01-00,SEARO
INDIA,MEGHALAYA,NA,"INDIA, MEGHALAYA",IND,1501,IN-ML,NA,2019-01-01,2019-12-31,2019,82,Total,Admin1,Year,MOH-IND-20152024-Y01-00,SEARO
INDIA,MIZORAM,NA,"INDIA, MIZORAM",IND,1502,IN-MZ,NA,2019-01-01,2019-12-31,2019,42,Total,Admin1,Year,MOH-IND-20152024-Y01-00,SEARO
INDIA,NAGALAND,NA,"INDIA, NAGALAND",IND,1503,IN-NL,NA,2019-01-01,2019-12-31,2019,8,Total,Admin1,Year,MOH-IND-20152024-Y01-00,SEARO
INDIA,ORISSA,NA,"INDIA, ORISSA",IND,1504,IN-OR,NA,2019-01-01,2019-12-31,2019,3758,Total,Admin1,Year,MOH-IND-20152024-Y01-00,SEARO
INDIA,PUDUCHERRY,NA,"INDIA, PUDUCHERRY",IND,70080,IN-PY,NA,2019-01-01,2019-12-31,2019,2030,Total,Admin1,Year,MOH-IND-20152024-Y01-00,SEARO
INDIA,PUNJAB,NA,"INDIA, PUNJAB",IND,1505,IN-PB,NA,2019-01-01,2019-12-31,2019,10289,Total,Admin1,Year,MOH-IND-20152024-Y01-00,SEARO
INDIA,RAJASTHAN,NA,"INDIA, RAJASTHAN",IND,1506,IN-RJ,NA,2019-01-01,2019-12-31,2019,13706,Total,Admin1,Year,MOH-IND-20152024-Y01-00,SEARO
INDIA,SIKKIM,NA,"INDIA, SIKKIM",IND,1507,IN-SK,NA,2019-01-01,2019-12-31,2019,444,Total,Admin1,Year,MOH-IND-20152024-Y01-00,SEARO
INDIA,TAMIL NADU,NA,"INDIA, TAMIL NADU",IND,1508,IN-TN,NA,2019-01-01,2019-12-31,2019,8527,Total,Admin1,Year,MOH-IND-20152024-Y01-00,SEARO
INDIA,TELANGANA,NA,"INDIA, TELANGANA",IND,1485,IN-AP,NA,2019-01-01,2019-12-31,2019,13331,Total,Admin1,Year,MOH-IND-20152024-Y01-00,SEARO
INDIA,TRIPURA,NA,"INDIA, TRIPURA",IND,1509,IN-TR,NA,2019-01-01,2019-12-31,2019,114,Total,Admin1,Year,MOH-IND-20152024-Y01-00,SEARO
INDIA,UTTAR PRADESH,NA,"INDIA, UTTAR PRADESH",IND,70081,IN-UP,NA,2019-01-01,2019-12-31,2019,10557,Total,Admin1,Year,MOH-IND-20152024-Y01-00,SEARO
INDIA,UTTARAKHAND,NA,"INDIA, UTTARAKHAND",IND,70082,IN-UT,NA,2019-01-01,2019-12-31,2019,10622,Total,Admin1,Year,MOH-IND-20152024-Y01-00,SEARO
INDIA,ANDAMAN AND NICOBAR,NA,"INDIA, ANDAMAN AND NICOBAR",IND,1484,IN-AN,NA,2020-01-01,2020-12-31,2020,98,Total,Admin1,Year,MOH-IND-20152024-Y01-00,SEARO
INDIA,ANDHRA PRADESH,NA,"INDIA, ANDHRA PRADESH",IND,1485,IN-AP,NA,2020-01-01,2020-12-31,2020,925,Total,Admin1,Year,MOH-IND-20152024-Y01-00,SEARO
INDIA,ARUNACHAL PRADESH,NA,"INDIA, ARUNACHAL PRADESH",IND,70072,IN-AR,NA,2020-01-01,2020-12-31,2020,1,Total,Admin1,Year,MOH-IND-20152024-Y01-00,SEARO
INDIA,ASSAM,NA,"INDIA, ASSAM",IND,1487,IN-AS,NA,2020-01-01,2020-12-31,2020,33,Total,Admin1,Year,MOH-IND-20152024-Y01-00,SEARO
INDIA,BIHAR,NA,"INDIA, BIHAR",IND,70073,IN-BR,NA,2020-01-01,2020-12-31,2020,493,Total,Admin1,Year,MOH-IND-20152024-Y01-00,SEARO
INDIA,CHANDIGARH,NA,"INDIA, CHANDIGARH",IND,70074,IN-CH,NA,2020-01-01,2020-12-31,2020,265,Total,Admin1,Year,MOH-IND-20152024-Y01-00,SEARO
INDIA,CHHATTISGARH,NA,"INDIA, CHHATTISGARH",IND,70075,IN-CT,NA,2020-01-01,2020-12-31,2020,57,Total,Admin1,Year,MOH-IND-20152024-Y01-00,SEARO
INDIA,DADRA AND NAGAR HAVELI,NA,"INDIA, DADRA AND NAGAR HAVELI",IND,70076,IN-DH,NA,2020-01-01,2020-12-31,2020,248,Total,Admin1,Year,MOH-IND-20152024-Y01-00,SEARO
INDIA,DAMAN AND DIU,NA,"INDIA, DAMAN AND DIU",IND,70077,IN-DH,NA,2020-01-01,2020-12-31,2020,71,Total,Admin1,Year,MOH-IND-20152024-Y01-00,SEARO
INDIA,DELHI,NA,"INDIA, DELHI",IND,1489,IN-DL,NA,2020-01-01,2020-12-31,2020,1269,Total,Admin1,Year,MOH-IND-20152024-Y01-00,SEARO
INDIA,GOA,NA,"INDIA, GOA",IND,1490,IN-GA,NA,2020-01-01,2020-12-31,2020,376,Total,Admin1,Year,MOH-IND-20152024-Y01-00,SEARO
INDIA,GUJARAT,NA,"INDIA, GUJARAT",IND,1491,IN-GJ,NA,2020-01-01,2020-12-31,2020,1564,Total,Admin1,Year,MOH-IND-20152024-Y01-00,SEARO
INDIA,HARYANA,NA,"INDIA, HARYANA",IND,1492,IN-HR,NA,2020-01-01,2020-12-31,2020,1377,Total,Admin1,Year,MOH-IND-20152024-Y01-00,SEARO
INDIA,HIMACHAL PRADESH,NA,"INDIA, HIMACHAL PRADESH",IND,1493,IN-HP,NA,2020-01-01,2020-12-31,2020,21,Total,Admin1,Year,MOH-IND-20152024-Y01-00,SEARO
INDIA,J & K,NA,"INDIA, J & K",IND,40427,IN-JK,NA,2020-01-01,2020-12-31,2020,53,Total,Admin1,Year,MOH-IND-20152024-Y01-00,SEARO
INDIA,JHARKHAND,NA,"INDIA, JHARKHAND",IND,70078,IN-JH,NA,2020-01-01,2020-12-31,2020,79,Total,Admin1,Year,MOH-IND-20152024-Y01-00,SEARO
INDIA,KARNATAKA,NA,"INDIA, KARNATAKA",IND,1494,IN-KA,NA,2020-01-01,2020-12-31,2020,3823,Total,Admin1,Year,MOH-IND-20152024-Y01-00,SEARO
INDIA,KERALA,NA,"INDIA, KERALA",IND,1495,IN-KL,NA,2020-01-01,2020-12-31,2020,4399,Total,Admin1,Year,MOH-IND-20152024-Y01-00,SEARO
INDIA,LAKSHADWEEP,NA,"INDIA, LAKSHADWEEP",IND,1496,IN-LD,NA,2020-01-01,2020-12-31,2020,0,Total,Admin1,Year,MOH-IND-20152024-Y01-00,SEARO
INDIA,MADHYA PRADESH,NA,"INDIA, MADHYA PRADESH",IND,70079,IN-MP,NA,2020-01-01,2020-12-31,2020,806,Total,Admin1,Year,MOH-IND-20152024-Y01-00,SEARO
INDIA,MAHARASHTRA,NA,"INDIA, MAHARASHTRA",IND,1498,IN-MH,NA,2020-01-01,2020-12-31,2020,3356,Total,Admin1,Year,MOH-IND-20152024-Y01-00,SEARO
INDIA,MANIPUR,NA,"INDIA, MANIPUR",IND,1500,IN-MN,NA,2020-01-01,2020-12-31,2020,37,Total,Admin1,Year,MOH-IND-20152024-Y01-00,SEARO
INDIA,MEGHALAYA,NA,"INDIA, MEGHALAYA",IND,1501,IN-ML,NA,2020-01-01,2020-12-31,2020,4,Total,Admin1,Year,MOH-IND-20152024-Y01-00,SEARO
INDIA,MIZORAM,NA,"INDIA, MIZORAM",IND,1502,IN-MZ,NA,2020-01-01,2020-12-31,2020,67,Total,Admin1,Year,MOH-IND-20152024-Y01-00,SEARO
INDIA,NAGALAND,NA,"INDIA, NAGALAND",IND,1503,IN-NL,NA,2020-01-01,2020-12-31,2020,1,Total,Admin1,Year,MOH-IND-20152024-Y01-00,SEARO
INDIA,ORISSA,NA,"INDIA, ORISSA",IND,1504,IN-OR,NA,2020-01-01,2020-12-31,2020,496,Total,Admin1,Year,MOH-IND-20152024-Y01-00,SEARO
INDIA,PUDUCHERRY,NA,"INDIA, PUDUCHERRY",IND,70080,IN-PY,NA,2020-01-01,2020-12-31,2020,633,Total,Admin1,Year,MOH-IND-20152024-Y01-00,SEARO
INDIA,PUNJAB,NA,"INDIA, PUNJAB",IND,1505,IN-PB,NA,2020-01-01,2020-12-31,2020,8435,Total,Admin1,Year,MOH-IND-20152024-Y01-00,SEARO
INDIA,RAJASTHAN,NA,"INDIA, RAJASTHAN",IND,1506,IN-RJ,NA,2020-01-01,2020-12-31,2020,2023,Total,Admin1,Year,MOH-IND-20152024-Y01-00,SEARO
INDIA,SIKKIM,NA,"INDIA, SIKKIM",IND,1507,IN-SK,NA,2020-01-01,2020-12-31,2020,11,Total,Admin1,Year,MOH-IND-20152024-Y01-00,SEARO
INDIA,TAMIL NADU,NA,"INDIA, TAMIL NADU",IND,1508,IN-TN,NA,2020-01-01,2020-12-31,2020,2410,Total,Admin1,Year,MOH-IND-20152024-Y01-00,SEARO
INDIA,TELANGANA,NA,"INDIA, TELANGANA",IND,1485,IN-AP,NA,2020-01-01,2020-12-31,2020,2173,Total,Admin1,Year,MOH-IND-20152024-Y01-00,SEARO
INDIA,TRIPURA,NA,"INDIA, TRIPURA",IND,1509,IN-TR,NA,2020-01-01,2020-12-31,2020,24,Total,Admin1,Year,MOH-IND-20152024-Y01-00,SEARO
INDIA,UTTAR PRADESH,NA,"INDIA, UTTAR PRADESH",IND,70081,IN-UP,NA,2020-01-01,2020-12-31,2020,3715,Total,Admin1,Year,MOH-IND-20152024-Y01-00,SEARO
INDIA,UTTARAKHAND,NA,"INDIA, UTTARAKHAND",IND,70082,IN-UT,NA,2020-01-01,2020-12-31,2020,76,Total,Admin1,Year,MOH-IND-20152024-Y01-00,SEARO
INDIA,WEST BENGAL,NA,"INDIA, WEST BENGAL",IND,1511,IN-WB,NA,2020-01-01,2020-12-31,2020,5166,Total,Admin1,Year,MOH-IND-20152024-Y01-00,SEARO
INDIA,ANDAMAN AND NICOBAR,NA,"INDIA, ANDAMAN AND NICOBAR",IND,1484,IN-AN,NA,2021-01-01,2021-12-31,2021,175,Total,Admin1,Year,MOH-IND-20152024-Y01-00,SEARO
INDIA,ANDHRA PRADESH,NA,"INDIA, ANDHRA PRADESH",IND,1485,IN-AP,NA,2021-01-01,2021-12-31,2021,4760,Total,Admin1,Year,MOH-IND-20152024-Y01-00,SEARO
INDIA,ARUNACHAL PRADESH,NA,"INDIA, ARUNACHAL PRADESH",IND,70072,IN-AR,NA,2021-01-01,2021-12-31,2021,7,Total,Admin1,Year,MOH-IND-20152024-Y01-00,SEARO
INDIA,ASSAM,NA,"INDIA, ASSAM",IND,1487,IN-AS,NA,2021-01-01,2021-12-31,2021,103,Total,Admin1,Year,MOH-IND-20152024-Y01-00,SEARO
INDIA,BIHAR,NA,"INDIA, BIHAR",IND,70073,IN-BR,NA,2021-01-01,2021-12-31,2021,633,Total,Admin1,Year,MOH-IND-20152024-Y01-00,SEARO
INDIA,CHANDIGARH,NA,"INDIA, CHANDIGARH",IND,70074,IN-CH,NA,2021-01-01,2021-12-31,2021,1596,Total,Admin1,Year,MOH-IND-20152024-Y01-00,SEARO
INDIA,CHHATTISGARH,NA,"INDIA, CHHATTISGARH",IND,70075,IN-CT,NA,2021-01-01,2021-12-31,2021,1086,Total,Admin1,Year,MOH-IND-20152024-Y01-00,SEARO
INDIA,DADRA AND NAGAR HAVELI,NA,"INDIA, DADRA AND NAGAR HAVELI",IND,70076,IN-DH,NA,2021-01-01,2021-12-31,2021,547,Total,Admin1,Year,MOH-IND-20152024-Y01-00,SEARO
INDIA,DAMAN AND DIU,NA,"INDIA, DAMAN AND DIU",IND,70077,IN-DH,NA,2021-01-01,2021-12-31,2021,279,Total,Admin1,Year,MOH-IND-20152024-Y01-00,SEARO
INDIA,DELHI,NA,"INDIA, DELHI",IND,1489,IN-DL,NA,2021-01-01,2021-12-31,2021,13089,Total,Admin1,Year,MOH-IND-20152024-Y01-00,SEARO
INDIA,GOA,NA,"INDIA, GOA",IND,1490,IN-GA,NA,2021-01-01,2021-12-31,2021,649,Total,Admin1,Year,MOH-IND-20152024-Y01-00,SEARO
INDIA,GUJARAT,NA,"INDIA, GUJARAT",IND,1491,IN-GJ,NA,2021-01-01,2021-12-31,2021,10983,Total,Admin1,Year,MOH-IND-20152024-Y01-00,SEARO
INDIA,HARYANA,NA,"INDIA, HARYANA",IND,1492,IN-HR,NA,2021-01-01,2021-12-31,2021,11835,Total,Admin1,Year,MOH-IND-20152024-Y01-00,SEARO
INDIA,HIMACHAL PRADESH,NA,"INDIA, HIMACHAL PRADESH",IND,1493,IN-HP,NA,2021-01-01,2021-12-31,2021,349,Total,Admin1,Year,MOH-IND-20152024-Y01-00,SEARO
INDIA,J & K,NA,"INDIA, J & K",IND,40427,IN-JK,NA,2021-01-01,2021-12-31,2021,1709,Total,Admin1,Year,MOH-IND-20152024-Y01-00,SEARO
INDIA,JHARKHAND,NA,"INDIA, JHARKHAND",IND,70078,IN-JH,NA,2021-01-01,2021-12-31,2021,220,Total,Admin1,Year,MOH-IND-20152024-Y01-00,SEARO
INDIA,KARNATAKA,NA,"INDIA, KARNATAKA",IND,1494,IN-KA,NA,2021-01-01,2021-12-31,2021,7393,Total,Admin1,Year,MOH-IND-20152024-Y01-00,SEARO
INDIA,KERALA,NA,"INDIA, KERALA",IND,1495,IN-KL,NA,2021-01-01,2021-12-31,2021,3251,Total,Admin1,Year,MOH-IND-20152024-Y01-00,SEARO
INDIA,LAKSHADWEEP,NA,"INDIA, LAKSHADWEEP",IND,1496,IN-LD,NA,2021-01-01,2021-12-31,2021,1,Total,Admin1,Year,MOH-IND-20152024-Y01-00,SEARO
INDIA,ANDHRA PRADESH,NA,"INDIA, ANDHRA PRADESH",IND,1485,IN-AP,NA,2010-01-01,2010-12-31,2010,776,Total,Admin1,Year,LITERATURE-IND-19972012-Y01-00,SEARO
INDIA,CHANDIGARH,NA,"INDIA, CHANDIGARH",IND,70074,IN-CH,NA,2010-01-01,2010-12-31,2010,221,Total,Admin1,Year,LITERATURE-IND-19972012-Y01-00,SEARO
INDIA,DELHI,NA,"INDIA, DELHI",IND,1489,IN-DL,NA,2010-01-01,2010-12-31,2010,6259,Total,Admin1,Year,LITERATURE-IND-19972012-Y01-00,SEARO
INDIA,GOA,NA,"INDIA, GOA",IND,1490,IN-GA,NA,2010-01-01,2010-12-31,2010,242,Total,Admin1,Year,LITERATURE-IND-19972012-Y01-00,SEARO
INDIA,GUJARAT,NA,"INDIA, GUJARAT",IND,1491,IN-GJ,NA,2010-01-01,2010-12-31,2010,2568,Total,Admin1,Year,LITERATURE-IND-19972012-Y01-00,SEARO
INDIA,HARYANA,NA,"INDIA, HARYANA",IND,1492,IN-HR,NA,2010-01-01,2010-12-31,2010,866,Total,Admin1,Year,LITERATURE-IND-19972012-Y01-00,SEARO
INDIA,KARNATAKA,NA,"INDIA, KARNATAKA",IND,1494,IN-KA,NA,2010-01-01,2010-12-31,2010,2285,Total,Admin1,Year,LITERATURE-IND-19972012-Y01-00,SEARO
INDIA,KERALA,NA,"INDIA, KERALA",IND,1495,IN-KL,NA,2010-01-01,2010-12-31,2010,2597,Total,Admin1,Year,LITERATURE-IND-19972012-Y01-00,SEARO
INDIA,MADHYA PRADESH,NA,"INDIA, MADHYA PRADESH",IND,70079,IN-MP,NA,2010-01-01,2010-12-31,2010,175,Total,Admin1,Year,LITERATURE-IND-19972012-Y01-00,SEARO
INDIA,MAHARASHTRA,NA,"INDIA, MAHARASHTRA",IND,1498,IN-MH,NA,2010-01-01,2010-12-31,2010,1489,Total,Admin1,Year,LITERATURE-IND-19972012-Y01-00,SEARO
INDIA,MANIPUR,NA,"INDIA, MANIPUR",IND,1500,IN-MN,NA,2010-01-01,2010-12-31,2010,7,Total,Admin1,Year,LITERATURE-IND-19972012-Y01-00,SEARO
INDIA,PONDICHERRY,NA,"INDIA, PONDICHERRY",IND,70080,IN-PY,NA,2010-01-01,2010-12-31,2010,96,Total,Admin1,Year,LITERATURE-IND-19972012-Y01-00,SEARO
INDIA,PUNJAB,NA,"INDIA, PUNJAB",IND,1505,IN-PB,NA,2010-01-01,2010-12-31,2010,4012,Total,Admin1,Year,LITERATURE-IND-19972012-Y01-00,SEARO
INDIA,UTTARAKHAND,NA,"INDIA, UTTARAKHAND",IND,70082,IN-UT,NA,2022-01-01,2022-12-31,2022,2337,Total,Admin1,Year,MOH-IND-2022-Y01-01,SEARO
INDIA,ANDHRA PRADESH,NA,"INDIA, ANDHRA PRADESH",IND,1485,IN-AP,NA,2022-01-01,2022-12-31,2022,6391,Total,Admin1,Year,MOH-IND-2022-Y01-01,SEARO
INDIA,PUDUCHERRY,NA,"INDIA, PUDUCHERRY",IND,70080,IN-PY,NA,2022-01-01,2022-12-31,2022,1673,Total,Admin1,Year,MOH-IND-2022-Y01-01,SEARO
INDIA,CHHATTISGARH,NA,"INDIA, CHHATTISGARH",IND,70075,IN-CT,NA,2022-01-01,2022-12-31,2022,2679,Total,Admin1,Year,MOH-IND-2022-Y01-01,SEARO
INDIA,SIKKIM,NA,"INDIA, SIKKIM",IND,1507,IN-SK,NA,2022-01-01,2022-12-31,2022,264,Total,Admin1,Year,MOH-IND-2022-Y01-01,SEARO
INDIA,MAHARASHTRA,NA,"INDIA, MAHARASHTRA",IND,1498,IN-MH,NA,2022-01-01,2022-12-31,2022,8578,Total,Admin1,Year,MOH-IND-2022-Y01-01,SEARO
INDIA,WEST BENGAL,NA,"INDIA, WEST BENGAL",IND,1511,IN-WB,NA,2022-01-01,2022-12-31,2022,67271,Total,Admin1,Year,MOH-IND-2022-Y01-01,SEARO
INDIA,MADHYA PRADESH,NA,"INDIA, MADHYA PRADESH",IND,70079,IN-MP,NA,2022-01-01,2022-12-31,2022,3318,Total,Admin1,Year,MOH-IND-2022-Y01-01,SEARO
INDIA,MANIPUR,NA,"INDIA, MANIPUR",IND,1500,IN-MN,NA,2022-01-01,2022-12-31,2022,503,Total,Admin1,Year,MOH-IND-2022-Y01-01,SEARO
INDIA,LAKSHADWEEP,NA,"INDIA, LAKSHADWEEP",IND,1496,IN-LD,NA,2022-01-01,2022-12-31,2022,67,Total,Admin1,Year,MOH-IND-2022-Y01-01,SEARO
INDIA,A & N ISLAND,NA,"INDIA, A & N ISLAND",IND,1484,IN-AN,NA,2023-01-01,2023-12-31,2023,846,Total,Admin1,Year,MOH-IND-20152024-Y01-02,SEARO
INDIA,ANDHRA PRADESH,NA,"INDIA, ANDHRA PRADESH",IND,1485,IN-AP,NA,2023-01-01,2023-12-31,2023,6453,Total,Admin1,Year,MOH-IND-20152024-Y01-02,SEARO
INDIA,ARUNACHAL PRADESH,NA,"INDIA, ARUNACHAL PRADESH",IND,70072,IN-AR,NA,2023-01-01,2023-12-31,2023,130,Total,Admin1,Year,MOH-IND-20152024-Y01-02,SEARO
INDIA,ASSAM,NA,"INDIA, ASSAM",IND,1487,IN-AS,NA,2023-01-01,2023-12-31,2023,8208,Total,Admin1,Year,MOH-IND-20152024-Y01-02,SEARO
INDIA,BIHAR,NA,"INDIA, BIHAR",IND,70073,IN-BR,NA,2023-01-01,2023-12-31,2023,20224,Total,Admin1,Year,MOH-IND-20152024-Y01-02,SEARO
INDIA,CHANDIGARH,NA,"INDIA, CHANDIGARH",IND,70074,IN-CH,NA,2023-01-01,2023-12-31,2023,454,Total,Admin1,Year,MOH-IND-20152024-Y01-02,SEARO
INDIA,CHHATTISGARH,NA,"INDIA, CHHATTISGARH",IND,70075,IN-CT,NA,2023-01-01,2023-12-31,2023,2412,Total,Admin1,Year,MOH-IND-20152024-Y01-02,SEARO
INDIA,A&N ISLAND,NA,"INDIA, A&N ISLAND",IND,1484,IN-AN,NA,2010-01-01,2010-12-31,2010,25,Total,Admin1,Year,LITERATURE-IND-19972012-Y01-01,SEARO
INDIA,D&N HAVELI,NA,"INDIA, D&N HAVELI",IND,70076,IN-DH,NA,2010-01-01,2010-12-31,2010,46,Total,Admin1,Year,LITERATURE-IND-19972012-Y01-01,SEARO
INDIA,DAMAN & DIU,NA,"INDIA, DAMAN & DIU",IND,70077,IN-DH,NA,2010-01-01,2010-12-31,2010,0,Total,Admin1,Year,LITERATURE-IND-19972012-Y01-01,SEARO
INDIA,KERALA,NA,"INDIA, KERALA",IND,1495,IN-KL,NA,2011-01-01,2011-12-31,2011,1304,Total,Admin1,Year,LITERATURE-IND-19972012-Y01-01,SEARO
INDIA,MADHYA PRADESH,NA,"INDIA, MADHYA PRADESH",IND,70079,IN-MP,NA,2011-01-01,2011-12-31,2011,50,Total,Admin1,Year,LITERATURE-IND-19972012-Y01-01,SEARO
INDIA,MEGHALAYA,NA,"INDIA, MEGHALAYA",IND,1501,IN-ML,NA,2011-01-01,2011-12-31,2011,0,Total,Admin1,Year,LITERATURE-IND-19972012-Y01-01,SEARO
INDIA,MAHARASHTRA,NA,"INDIA, MAHARASHTRA",IND,1498,IN-MH,NA,2011-01-01,2011-12-31,2011,1138,Total,Admin1,Year,LITERATURE-IND-19972012-Y01-01,SEARO
INDIA,MANIPUR,NA,"INDIA, MANIPUR",IND,1500,IN-MN,NA,2011-01-01,2011-12-31,2011,220,Total,Admin1,Year,LITERATURE-IND-19972012-Y01-01,SEARO
INDIA,MIZORAM,NA,"INDIA, MIZORAM",IND,1502,IN-MZ,NA,2011-01-01,2011-12-31,2011,0,Total,Admin1,Year,LITERATURE-IND-19972012-Y01-01,SEARO
INDIA,NAGALAND,NA,"INDIA, NAGALAND",IND,1503,IN-NL,NA,2011-01-01,2011-12-31,2011,3,Total,Admin1,Year,LITERATURE-IND-19972012-Y01-01,SEARO
INDIA,ORISSA,NA,"INDIA, ORISSA",IND,1504,IN-OR,NA,2011-01-01,2011-12-31,2011,1816,Total,Admin1,Year,LITERATURE-IND-19972012-Y01-01,SEARO
INDIA,PUNJAB,NA,"INDIA, PUNJAB",IND,1505,IN-PB,NA,2011-01-01,2011-12-31,2011,3921,Total,Admin1,Year,LITERATURE-IND-19972012-Y01-01,SEARO
INDIA,RAJASTHAN,NA,"INDIA, RAJASTHAN",IND,1506,IN-RJ,NA,2011-01-01,2011-12-31,2011,1072,Total,Admin1,Year,LITERATURE-IND-19972012-Y01-01,SEARO
INDIA,MAHARASHTRA,NA,"INDIA, MAHARASHTRA",IND,1498,IN-MH,NA,2023-01-01,2023-12-31,2023,19034,Total,Admin1,Year,MOH-IND-20152024-Y01-02,SEARO
INDIA,MANIPUR,NA,"INDIA, MANIPUR",IND,1500,IN-MN,NA,2023-01-01,2023-12-31,2023,2548,Total,Admin1,Year,MOH-IND-20152024-Y01-02,SEARO
INDIA,MEGHALAYA,NA,"INDIA, MEGHALAYA",IND,1501,IN-ML,NA,2023-01-01,2023-12-31,2023,114,Total,Admin1,Year,MOH-IND-20152024-Y01-02,SEARO
INDIA,MIZORAM,NA,"INDIA, MIZORAM",IND,1502,IN-MZ,NA,2023-01-01,2023-12-31,2023,2060,Total,Admin1,Year,MOH-IND-20152024-Y01-02,SEARO
INDIA,NAGALAND,NA,"INDIA, NAGALAND",IND,1503,IN-NL,NA,2023-01-01,2023-12-31,2023,4943,Total,Admin1,Year,MOH-IND-20152024-Y01-02,SEARO
INDIA,ODISHA,NA,"INDIA, ODISHA",IND,1504,IN-OR,NA,2023-01-01,2023-12-31,2023,12845,Total,Admin1,Year,MOH-IND-20152024-Y01-02,SEARO
INDIA,PUDUCHERRY,NA,"INDIA, PUDUCHERRY",IND,70080,IN-PY,NA,2023-01-01,2023-12-31,2023,2790,Total,Admin1,Year,MOH-IND-20152024-Y01-02,SEARO
INDIA,PUNJAB,NA,"INDIA, PUNJAB",IND,1505,IN-PB,NA,2023-01-01,2023-12-31,2023,13687,Total,Admin1,Year,MOH-IND-20152024-Y01-02,SEARO
INDIA,RAJASTHAN,NA,"INDIA, RAJASTHAN",IND,1506,IN-RJ,NA,2023-01-01,2023-12-31,2023,13924,Total,Admin1,Year,MOH-IND-20152024-Y01-02,SEARO
INDIA,SIKKIM,NA,"INDIA, SIKKIM",IND,1507,IN-SK,NA,2023-01-01,2023-12-31,2023,311,Total,Admin1,Year,MOH-IND-20152024-Y01-02,SEARO
INDIA,TAMIL NADU,NA,"INDIA, TAMIL NADU",IND,1508,IN-TN,NA,2023-01-01,2023-12-31,2023,9121,Total,Admin1,Year,MOH-IND-20152024-Y01-02,SEARO
INDIA,TELANGANA,NA,"INDIA, TELANGANA",IND,1485,IN-AP,NA,2023-01-01,2023-12-31,2023,8016,Total,Admin1,Year,MOH-IND-20152024-Y01-02,SEARO
INDIA,TRIPURA,NA,"INDIA, TRIPURA",IND,1509,IN-TR,NA,2023-01-01,2023-12-31,2023,1447,Total,Admin1,Year,MOH-IND-20152024-Y01-02,SEARO
INDIA,UTTAR PRADESH,NA,"INDIA, UTTAR PRADESH",IND,70081,IN-UP,NA,2023-01-01,2023-12-31,2023,35402,Total,Admin1,Year,MOH-IND-20152024-Y01-02,SEARO
INDIA,UTTRAKHAND,NA,"INDIA, UTTRAKHAND",IND,70082,IN-UT,NA,2023-01-01,2023-12-31,2023,4320,Total,Admin1,Year,MOH-IND-20152024-Y01-02,SEARO
INDIA,WEST BENGAL,NA,"INDIA, WEST BENGAL",IND,1511,IN-WB,NA,2023-01-01,2023-12-31,2023,30683,Total,Admin1,Year,MOH-IND-20152024-Y01-02,SEARO
INDIA,A & N ISLAND,NA,"INDIA, A & N ISLAND",IND,1484,IN-AN,NA,2024-01-01,2024-12-31,2024,59,Total,Admin1,Year,MOH-IND-20152024-Y01-02,SEARO
INDIA,ANDHRA PRADESH,NA,"INDIA, ANDHRA PRADESH",IND,1485,IN-AP,NA,2024-01-01,2024-12-31,2024,5555,Total,Admin1,Year,MOH-IND-20152024-Y01-02,SEARO
INDIA,ARUNACHAL PRADESH,NA,"INDIA, ARUNACHAL PRADESH",IND,70072,IN-AR,NA,2024-01-01,2024-12-31,2024,20,Total,Admin1,Year,MOH-IND-20152024-Y01-02,SEARO
INDIA,ASSAM,NA,"INDIA, ASSAM",IND,1487,IN-AS,NA,2024-01-01,2024-12-31,2024,2271,Total,Admin1,Year,MOH-IND-20152024-Y01-02,SEARO
INDIA,BIHAR,NA,"INDIA, BIHAR",IND,70073,IN-BR,NA,2024-01-01,2024-12-31,2024,10157,Total,Admin1,Year,MOH-IND-20152024-Y01-02,SEARO
INDIA,CHANDIGARH,NA,"INDIA, CHANDIGARH",IND,70074,IN-CH,NA,2024-01-01,2024-12-31,2024,349,Total,Admin1,Year,MOH-IND-20152024-Y01-02,SEARO
INDIA,CHHATTISGARH,NA,"INDIA, CHHATTISGARH",IND,70075,IN-CT,NA,2024-01-01,2024-12-31,2024,3523,Total,Admin1,Year,MOH-IND-20152024-Y01-02,SEARO
INDIA,D&N HAVELI,NA,"INDIA, D&N HAVELI",IND,70076,IN-DH,NA,2024-01-01,2024-12-31,2024,403,Total,Admin1,Year,MOH-IND-20152024-Y01-02,SEARO
INDIA,DAMAN & DIU,NA,"INDIA, DAMAN & DIU",IND,70077,IN-DH,NA,2024-01-01,2024-12-31,2024,278,Total,Admin1,Year,MOH-IND-20152024-Y01-02,SEARO
INDIA,DELHI,NA,"INDIA, DELHI",IND,1489,IN-DL,NA,2024-01-01,2024-12-31,2024,10585,Total,Admin1,Year,MOH-IND-20152024-Y01-02,SEARO
INDIA,GOA,NA,"INDIA, GOA",IND,1490,IN-GA,NA,2024-01-01,2024-12-31,2024,567,Total,Admin1,Year,MOH-IND-20152024-Y01-02,SEARO
INDIA,GUJARAT,NA,"INDIA, GUJARAT",IND,1491,IN-GJ,NA,2024-01-01,2024-12-31,2024,7891,Total,Admin1,Year,MOH-IND-20152024-Y01-02,SEARO
INDIA,HARYANA,NA,"INDIA, HARYANA",IND,1492,IN-HR,NA,2024-01-01,2024-12-31,2024,6469,Total,Admin1,Year,MOH-IND-20152024-Y01-02,SEARO
INDIA,HIMACHAL PRADESH,NA,"INDIA, HIMACHAL PRADESH",IND,1493,IN-HP,NA,2024-01-01,2024-12-31,2024,3359,Total,Admin1,Year,MOH-IND-20152024-Y01-02,SEARO
INDIA,J & K,NA,"INDIA, J & K",IND,40427,IN-JK,NA,2024-01-01,2024-12-31,2024,6876,Total,Admin1,Year,MOH-IND-20152024-Y01-02,SEARO
INDIA,JHARKHAND,NA,"INDIA, JHARKHAND",IND,70078,IN-JH,NA,2024-01-01,2024-12-31,2024,1528,Total,Admin1,Year,MOH-IND-20152024-Y01-02,SEARO
INDIA,KARNATAKA,NA,"INDIA, KARNATAKA",IND,1494,IN-KA,NA,2024-01-01,2024-12-31,2024,32886,Total,Admin1,Year,MOH-IND-20152024-Y01-02,SEARO
INDIA,KERALA,NA,"INDIA, KERALA",IND,1495,IN-KL,NA,2024-01-01,2024-12-31,2024,20674,Total,Admin1,Year,MOH-IND-20152024-Y01-02,SEARO
INDIA,LAKSHADWEEP,NA,"INDIA, LAKSHADWEEP",IND,1496,IN-LD,NA,2024-01-01,2024-12-31,2024,513,Total,Admin1,Year,MOH-IND-20152024-Y01-02,SEARO
INDIA,MADHYA PRADESH,NA,"INDIA, MADHYA PRADESH",IND,70079,IN-MP,NA,2024-01-01,2024-12-31,2024,10224,Total,Admin1,Year,MOH-IND-20152024-Y01-02,SEARO
INDIA,MAHARASHTRA,NA,"INDIA, MAHARASHTRA",IND,1498,IN-MH,NA,2024-01-01,2024-12-31,2024,19385,Total,Admin1,Year,MOH-IND-20152024-Y01-02,SEARO
INDIA,MANIPUR,NA,"INDIA, MANIPUR",IND,1500,IN-MN,NA,2024-01-01,2024-12-31,2024,2463,Total,Admin1,Year,MOH-IND-20152024-Y01-02,SEARO
INDIA,MEGHALAYA,NA,"INDIA, MEGHALAYA",IND,1501,IN-ML,NA,2024-01-01,2024-12-31,2024,74,Total,Admin1,Year,MOH-IND-20152024-Y01-02,SEARO
INDIA,MIZORAM,NA,"INDIA, MIZORAM",IND,1502,IN-MZ,NA,2024-01-01,2024-12-31,2024,744,Total,Admin1,Year,MOH-IND-20152024-Y01-02,SEARO
INDIA,NAGALAND,NA,"INDIA, NAGALAND",IND,1503,IN-NL,NA,2024-01-01,2024-12-31,2024,42,Total,Admin1,Year,MOH-IND-20152024-Y01-02,SEARO
INDIA,ODISHA,NA,"INDIA, ODISHA",IND,1504,IN-OR,NA,2024-01-01,2024-12-31,2024,9892,Total,Admin1,Year,MOH-IND-20152024-Y01-02,SEARO
INDIA,PUDUCHERRY,NA,"INDIA, PUDUCHERRY",IND,70080,IN-PY,NA,2024-01-01,2024-12-31,2024,2128,Total,Admin1,Year,MOH-IND-20152024-Y01-02,SEARO
INDIA,PUNJAB,NA,"INDIA, PUNJAB",IND,1505,IN-PB,NA,2024-01-01,2024-12-31,2024,6260,Total,Admin1,Year,MOH-IND-20152024-Y01-02,SEARO
INDIA,RAJASTHAN,NA,"INDIA, RAJASTHAN",IND,1506,IN-RJ,NA,2024-01-01,2024-12-31,2024,12514,Total,Admin1,Year,MOH-IND-20152024-Y01-02,SEARO
INDIA,SIKKIM,NA,"INDIA, SIKKIM",IND,1507,IN-SK,NA,2024-01-01,2024-12-31,2024,374,Total,Admin1,Year,MOH-IND-20152024-Y01-02,SEARO
INDIA,TAMIL NADU,NA,"INDIA, TAMIL NADU",IND,1508,IN-TN,NA,2024-01-01,2024-12-31,2024,27378,Total,Admin1,Year,MOH-IND-20152024-Y01-02,SEARO
INDIA,TELANGANA,NA,"INDIA, TELANGANA",IND,1485,IN-AP,NA,2024-01-01,2024-12-31,2024,10077,Total,Admin1,Year,MOH-IND-20152024-Y01-02,SEARO
INDIA,TRIPURA,NA,"INDIA, TRIPURA",IND,1509,IN-TR,NA,2024-01-01,2024-12-31,2024,1198,Total,Admin1,Year,MOH-IND-20152024-Y01-02,SEARO
INDIA,UTTAR PRADESH,NA,"INDIA, UTTAR PRADESH",IND,70081,IN-UP,NA,2024-01-01,2024-12-31,2024,15868,Total,Admin1,Year,MOH-IND-20152024-Y01-02,SEARO
INDIA,UTTRAKHAND,NA,"INDIA, UTTRAKHAND",IND,70082,IN-UT,NA,2024-01-01,2024-12-31,2024,494,Total,Admin1,Year,MOH-IND-20152024-Y01-02,SEARO
INDIA,WEST BENGAL,NA,"INDIA, WEST BENGAL",IND,1511,IN-WB,NA,2024-01-01,2024-12-31,2024,441,Total,Admin1,Year,MOH-IND-20152024-Y01-02,SEARO
INDIA,NA,NA,INDIA,IND,115,IND,NA,2024-01-01,2024-01-31,2024,5079,Total,Admin0,Month,WHO-ALL-2025-Y01-00,SEARO
INDIA,NA,NA,INDIA,IND,115,IND,NA,2024-02-01,2024-02-29,2024,5429,Total,Admin0,Month,WHO-ALL-2025-Y01-00,SEARO
INDIA,NA,NA,INDIA,IND,115,IND,NA,2024-03-01,2024-03-31,2024,5597,Total,Admin0,Month,WHO-ALL-2025-Y01-00,SEARO
INDIA,NA,NA,INDIA,IND,115,IND,NA,2024-04-01,2024-04-30,2024,3342,Total,Admin0,Month,WHO-ALL-2025-Y01-00,SEARO
INDIA,NA,NA,INDIA,IND,115,IND,NA,2024-05-01,2024-05-31,2024,5145,Total,Admin0,Month,WHO-ALL-2025-Y01-00,SEARO
INDIA,NA,NA,INDIA,IND,115,IND,NA,2024-06-01,2024-06-30,2024,7499,Total,Admin0,Month,WHO-ALL-2025-Y01-00,SEARO
INDIA,NA,NA,INDIA,IND,115,IND,NA,2024-07-01,2024-07-31,2024,27675,Total,Admin0,Month,WHO-ALL-2025-Y01-00,SEARO
INDIA,NA,NA,INDIA,IND,115,IND,NA,2024-08-01,2024-08-31,2024,32388,Total,Admin0,Month,WHO-ALL-2025-Y01-00,SEARO
INDIA,NA,NA,INDIA,IND,115,IND,NA,2024-09-01,2024-09-30,2024,41375,Total,Admin0,Month,WHO-ALL-2025-Y01-00,SEARO
INDIA,NA,NA,INDIA,IND,115,IND,NA,2024-10-01,2024-10-31,2024,51183,Total,Admin0,Month,WHO-ALL-2025-Y01-00,SEARO
INDIA,NA,NA,INDIA,IND,115,IND,NA,2024-11-01,2024-11-30,2024,30354,Total,Admin0,Month,WHO-ALL-2025-Y01-00,SEARO
INDIA,NA,NA,INDIA,IND,115,IND,NA,2025-01-01,2025-01-31,2025,4700,Total,Admin0,Month,WHO-ALL-2025-Y01-00,SEARO
INDIA,UTTAR PRADESH,NA,"INDIA, UTTAR PRADESH",IND,70081,IN-UP,NA,2021-01-01,2021-12-31,2021,29750,Total,Admin1,Year,MOH-IND-20152024-Y01-00,SEARO
INDIA,UTTARAKHAND,NA,"INDIA, UTTARAKHAND",IND,70082,IN-UT,NA,2021-01-01,2021-12-31,2021,738,Total,Admin1,Year,MOH-IND-20152024-Y01-00,SEARO
INDIA,WEST BENGAL,NA,"INDIA, WEST BENGAL",IND,1511,IN-WB,NA,2021-01-01,2021-12-31,2021,8264,Total,Admin1,Year,MOH-IND-20152024-Y01-00,SEARO
INDIA,ASSAM,NA,"INDIA, ASSAM",IND,1487,IN-AS,NA,2022-01-01,2022-12-31,2022,1826,Total,Admin1,Year,MOH-IND-2022-Y01-01,SEARO
INDIA,GOA,NA,"INDIA, GOA",IND,1490,IN-GA,NA,2022-01-01,2022-12-31,2022,443,Total,Admin1,Year,MOH-IND-2022-Y01-01,SEARO
INDIA,MEGHALAYA,NA,"INDIA, MEGHALAYA",IND,1501,IN-ML,NA,2022-01-01,2022-12-31,2022,26,Total,Admin1,Year,MOH-IND-2022-Y01-01,SEARO
INDIA,RAJASTHAN,NA,"INDIA, RAJASTHAN",IND,1506,IN-RJ,NA,2022-01-01,2022-12-31,2022,13491,Total,Admin1,Year,MOH-IND-2022-Y01-01,SEARO
INDIA,MIZORAM,NA,"INDIA, MIZORAM",IND,1502,IN-MZ,NA,2022-01-01,2022-12-31,2022,1868,Total,Admin1,Year,MOH-IND-2022-Y01-01,SEARO
INDIA,DELHI,NA,"INDIA, DELHI",IND,1489,IN-DL,NA,2022-01-01,2022-12-31,2022,10183,Total,Admin1,Year,MOH-IND-2022-Y01-01,SEARO
INDIA,HARYANA,NA,"INDIA, HARYANA",IND,1492,IN-HR,NA,2022-01-01,2022-12-31,2022,8996,Total,Admin1,Year,MOH-IND-2022-Y01-01,SEARO
INDIA,TRIPURA,NA,"INDIA, TRIPURA",IND,1509,IN-TR,NA,2022-01-01,2022-12-31,2022,56,Total,Admin1,Year,MOH-IND-2022-Y01-01,SEARO
INDIA,KERALA,NA,"INDIA, KERALA",IND,1495,IN-KL,NA,2022-01-01,2022-12-31,2022,4432,Total,Admin1,Year,MOH-IND-2022-Y01-01,SEARO
INDIA,DADRA AND NAGAR HAVELI,NA,"INDIA, DADRA AND NAGAR HAVELI",IND,70076,IN-DH,NA,2022-01-01,2022-12-31,2022,685,Total,Admin1,Year,MOH-IND-2022-Y01-01,SEARO
INDIA,CHANDIGARH,NA,"INDIA, CHANDIGARH",IND,70074,IN-CH,NA,2022-01-01,2022-12-31,2022,910,Total,Admin1,Year,MOH-IND-2022-Y01-01,SEARO
INDIA,TELANGANA,NA,"INDIA, TELANGANA",IND,1485,IN-AP,NA,2022-01-01,2022-12-31,2022,8972,Total,Admin1,Year,MOH-IND-2022-Y01-01,SEARO
INDIA,HIMACHAL PRADESH,NA,"INDIA, HIMACHAL PRADESH",IND,1493,IN-HP,NA,2022-01-01,2022-12-31,2022,3326,Total,Admin1,Year,MOH-IND-2022-Y01-01,SEARO
INDIA,ARUNACHAL PRADESH,NA,"INDIA, ARUNACHAL PRADESH",IND,70072,IN-AR,NA,2022-01-01,2022-12-31,2022,114,Total,Admin1,Year,MOH-IND-2022-Y01-01,SEARO
INDIA,TAMIL NADU,NA,"INDIA, TAMIL NADU",IND,1508,IN-TN,NA,2022-01-01,2022-12-31,2022,6430,Total,Admin1,Year,MOH-IND-2022-Y01-01,SEARO
INDIA,ANDAMAN AND NICOBAR,NA,"INDIA, ANDAMAN AND NICOBAR",IND,1484,IN-AN,NA,2022-01-01,2022-12-31,2022,1014,Total,Admin1,Year,MOH-IND-2022-Y01-01,SEARO
INDIA,NAGALAND,NA,"INDIA, NAGALAND",IND,1503,IN-NL,NA,2022-01-01,2022-12-31,2022,154,Total,Admin1,Year,MOH-IND-2022-Y01-01,SEARO
INDIA,PUNJAB,NA,"INDIA, PUNJAB",IND,1505,IN-PB,NA,2022-01-01,2022-12-31,2022,11030,Total,Admin1,Year,MOH-IND-2022-Y01-01,SEARO
INDIA,KARNATAKA,NA,"INDIA, KARNATAKA",IND,1494,IN-KA,NA,2022-01-01,2022-12-31,2022,9889,Total,Admin1,Year,MOH-IND-2022-Y01-01,SEARO
INDIA,J & K,NA,"INDIA, J & K",IND,40427,IN-JK,NA,2022-01-01,2022-12-31,2022,8269,Total,Admin1,Year,MOH-IND-2022-Y01-01,SEARO
INDIA,JHARKHAND,NA,"INDIA, JHARKHAND",IND,70078,IN-JH,NA,2022-01-01,2022-12-31,2022,290,Total,Admin1,Year,MOH-IND-2022-Y01-01,SEARO
INDIA,ORISSA,NA,"INDIA, ORISSA",IND,1504,IN-OR,NA,2022-01-01,2022-12-31,2022,7063,Total,Admin1,Year,MOH-IND-2022-Y01-01,SEARO
INDIA,GUJARAT,NA,"INDIA, GUJARAT",IND,1491,IN-GJ,NA,2022-01-01,2022-12-31,2022,6682,Total,Admin1,Year,MOH-IND-2022-Y01-01,SEARO
INDIA,DAMAN AND DIU,NA,"INDIA, DAMAN AND DIU",IND,70077,IN-DH,NA,2022-01-01,2022-12-31,2022,228,Total,Admin1,Year,MOH-IND-2022-Y01-01,SEARO
INDIA,BIHAR,NA,"INDIA, BIHAR",IND,70073,IN-BR,NA,2022-01-01,2022-12-31,2022,13972,Total,Admin1,Year,MOH-IND-2022-Y01-01,SEARO
INDIA,UTTAR PRADESH,NA,"INDIA, UTTAR PRADESH",IND,70081,IN-UP,NA,2022-01-01,2022-12-31,2022,19821,Total,Admin1,Year,MOH-IND-2022-Y01-01,SEARO
INDIA,MANIPUR,NA,"INDIA, MANIPUR",IND,1500,IN-MN,NA,2021-01-01,2021-12-31,2021,203,Total,Admin1,Year,MOH-IND-20152024-Y01-00,SEARO
INDIA,MEGHALAYA,NA,"INDIA, MEGHALAYA",IND,1501,IN-ML,NA,2021-01-01,2021-12-31,2021,129,Total,Admin1,Year,MOH-IND-20152024-Y01-00,SEARO
INDIA,MIZORAM,NA,"INDIA, MIZORAM",IND,1502,IN-MZ,NA,2021-01-01,2021-12-31,2021,83,Total,Admin1,Year,MOH-IND-20152024-Y01-00,SEARO
INDIA,NAGALAND,NA,"INDIA, NAGALAND",IND,1503,IN-NL,NA,2021-01-01,2021-12-31,2021,24,Total,Admin1,Year,MOH-IND-20152024-Y01-00,SEARO
INDIA,ORISSA,NA,"INDIA, ORISSA",IND,1504,IN-OR,NA,2021-01-01,2021-12-31,2021,7548,Total,Admin1,Year,MOH-IND-20152024-Y01-00,SEARO
INDIA,PUDUCHERRY,NA,"INDIA, PUDUCHERRY",IND,70080,IN-PY,NA,2021-01-01,2021-12-31,2021,1625,Total,Admin1,Year,MOH-IND-20152024-Y01-00,SEARO
INDIA,PUNJAB,NA,"INDIA, PUNJAB",IND,1505,IN-PB,NA,2021-01-01,2021-12-31,2021,23389,Total,Admin1,Year,MOH-IND-20152024-Y01-00,SEARO
INDIA,RAJASTHAN,NA,"INDIA, RAJASTHAN",IND,1506,IN-RJ,NA,2021-01-01,2021-12-31,2021,20749,Total,Admin1,Year,MOH-IND-20152024-Y01-00,SEARO
INDIA,SIKKIM,NA,"INDIA, SIKKIM",IND,1507,IN-SK,NA,2021-01-01,2021-12-31,2021,243,Total,Admin1,Year,MOH-IND-20152024-Y01-00,SEARO
INDIA,TAMIL NADU,NA,"INDIA, TAMIL NADU",IND,1508,IN-TN,NA,2021-01-01,2021-12-31,2021,6039,Total,Admin1,Year,MOH-IND-20152024-Y01-00,SEARO
INDIA,TELANGANA,NA,"INDIA, TELANGANA",IND,1485,IN-AP,NA,2021-01-01,2021-12-31,2021,7135,Total,Admin1,Year,MOH-IND-20152024-Y01-00,SEARO
INDIA,TRIPURA,NA,"INDIA, TRIPURA",IND,1509,IN-TR,NA,2021-01-01,2021-12-31,2021,349,Total,Admin1,Year,MOH-IND-20152024-Y01-00,SEARO
INDIA,HIMACHAL PRADESH,NA,"INDIA, HIMACHAL PRADESH",IND,1493,IN-HP,NA,2023-01-01,2023-12-31,2023,1989,Total,Admin1,Year,MOH-IND-20152024-Y01-02,SEARO
INDIA,J & K,NA,"INDIA, J & K",IND,40427,IN-JK,NA,2023-01-01,2023-12-31,2023,6403,Total,Admin1,Year,MOH-IND-20152024-Y01-02,SEARO
INDIA,JHARKHAND,NA,"INDIA, JHARKHAND",IND,70078,IN-JH,NA,2023-01-01,2023-12-31,2023,2578,Total,Admin1,Year,MOH-IND-20152024-Y01-02,SEARO
INDIA,KARNATAKA,NA,"INDIA, KARNATAKA",IND,1494,IN-KA,NA,2023-01-01,2023-12-31,2023,19300,Total,Admin1,Year,MOH-IND-20152024-Y01-02,SEARO
INDIA,KERALA,NA,"INDIA, KERALA",IND,1495,IN-KL,NA,2023-01-01,2023-12-31,2023,17426,Total,Admin1,Year,MOH-IND-20152024-Y01-02,SEARO
INDIA,LAKSHADWEEP,NA,"INDIA, LAKSHADWEEP",IND,1496,IN-LD,NA,2023-01-01,2023-12-31,2023,445,Total,Admin1,Year,MOH-IND-20152024-Y01-02,SEARO
INDIA,MADHYA PRADESH,NA,"INDIA, MADHYA PRADESH",IND,70079,IN-MP,NA,2023-01-01,2023-12-31,2023,6979,Total,Admin1,Year,MOH-IND-20152024-Y01-02,SEARO
INDIA,D&N HAVELI,NA,"INDIA, D&N HAVELI",IND,70076,IN-DH,NA,2023-01-01,2023-12-31,2023,1178,Total,Admin1,Year,MOH-IND-20152024-Y01-02,SEARO
INDIA,DAMAN & DIU,NA,"INDIA, DAMAN & DIU",IND,70077,IN-DH,NA,2023-01-01,2023-12-31,2023,284,Total,Admin1,Year,MOH-IND-20152024-Y01-02,SEARO
INDIA,DELHI,NA,"INDIA, DELHI",IND,1489,IN-DL,NA,2023-01-01,2023-12-31,2023,16866,Total,Admin1,Year,MOH-IND-20152024-Y01-02,SEARO
INDIA,GOA,NA,"INDIA, GOA",IND,1490,IN-GA,NA,2023-01-01,2023-12-31,2023,512,Total,Admin1,Year,MOH-IND-20152024-Y01-02,SEARO
INDIA,GUJARAT,NA,"INDIA, GUJARAT",IND,1491,IN-GJ,NA,2023-01-01,2023-12-31,2023,7222,Total,Admin1,Year,MOH-IND-20152024-Y01-02,SEARO
INDIA,HARYANA,NA,"INDIA, HARYANA",IND,1492,IN-HR,NA,2023-01-01,2023-12-31,2023,8081,Total,Admin1,Year,MOH-IND-20152024-Y01-02,SEARO
INDIA,MADHYA PRADESH,NA,"INDIA, MADHYA PRADESH",IND,70079,IN-MP,NA,2021-01-01,2021-12-31,2021,15592,Total,Admin1,Year,MOH-IND-20152024-Y01-00,SEARO
INDIA,MAHARASHTRA,NA,"INDIA, MAHARASHTRA",IND,1498,IN-MH,NA,2021-01-01,2021-12-31,2021,12720,Total,Admin1,Year,MOH-IND-20152024-Y01-00,SEARO