state,total_hex_weeks,n_cohotspot,n_dengue_only,n_malaria_only,pct_cohotspot,pct_dengue_only,pct_malaria_only
Maharashtra,182000,2400,489,1488,1.32,0.27,0.82
West Bengal,116168,870,549,292,0.75,0.47,0.25
Chandigarh,1872,11,991,82,0.59,52.94,4.38
Puducherry,5096,26,2429,13,0.51,47.66,0.26
Dadra and Nagar Haveli and Daman and Diu,6136,10,809,1,0.16,13.18,0.02
Kerala,72800,37,2102,10,0.05,2.89,0.01
Tamil Nadu,192400,79,3026,66,0.04,1.57,0.03
Telangana,168896,50,2598,31,0.03,1.54,0.02
Karnataka,156000,12,1528,27,0.01,0.98,0.02
Punjab,114400,17,897,49,0.01,0.78,0.04
Nagaland,57200,3,412,243,0.01,0.72,0.42
Haryana,114400,15,726,58,0.01,0.63,0.05
Assam,171600,0,284,14,0.0,0.17,0.01
Arunachal Pradesh,130000,0,0,0,0.0,0.0,0.0
Andhra Pradesh,67600,0,1,0,0.0,0.0,0.0
Andaman and Nicobar Islands,15600,0,85,0,0.0,0.54,0.0
Gujarat,176800,0,115,32,0.0,0.07,0.02
Delhi,5200,0,2134,0,0.0,41.04,0.0
Chhattisgarh,140400,0,0,1,0.0,0.0,0.0
Bihar,197600,2,54,83,0.0,0.03,0.04
Madhya Pradesh,270400,0,87,86,0.0,0.03,0.03
Lakshadweep,104,0,104,0,0.0,100.0,0.0
Ladakh,10400,0,0,0,0.0,0.0,0.0
Jharkhand,124800,1,54,3708,0.0,0.04,2.97
Himachal Pradesh,62400,0,246,0,0.0,0.39,0.0
Jammu and Kashmir,114400,0,1029,0,0.0,0.9,0.0
Goa,10400,0,0,79,0.0,0.0,0.76
Mizoram,52000,0,18,5453,0.0,0.03,10.49
Odisha,156000,1,272,4,0.0,0.17,0.0
Manipur,83200,0,1182,2,0.0,1.42,0.0
Meghalaya,57200,0,0,0,0.0,0.0,0.0
Sikkim,20800,0,0,0,0.0,0.0,0.0
Rajasthan,171600,1,87,36,0.0,0.05,0.02
Tripura,41600,0,12,4651,0.0,0.03,11.18
Uttar Pradesh,390000,0,1299,54,0.0,0.33,0.01
Uttarakhand,67600,0,81,13,0.0,0.12,0.02
