h3_index,pred_lgbm_lead_1
876036b21ffffff,0.12130494797371368
873c14583ffffff,0.28387910559323026
8742cc36affffff,0.12465312540195664
873d31454ffffff,0.09336447512756987
876035724ffffff,0.13560055556004352
873c16a56ffffff,0.27199806426644557
873d16c86ffffff,0.11371722938488643
8760ad551ffffff,0.13239113294297128
8742e8028ffffff,0.11041850798619962
8742eacc1ffffff,0.12154112305340292
873d247b2ffffff,0.1024218440081306
873ced2eeffffff,0.10990295229759123
876034281ffffff,0.12740177633016112
8742eb069ffffff,0.10828473150530367
8760a5a6effffff,0.11208531261980229
873ca46c1ffffff,0.24334853897811307
873cf2622ffffff,0.19192097206734848
876080705ffffff,0.10598336815480569
876189209ffffff,0.12895134704837402
873ca3453ffffff,0.11081498667899611
873db0862ffffff,0.10218370664596792
8760ac7b0ffffff,0.10507309716862705
8760a40deffffff,0.12794134081967493
87611a3b0ffffff,0.2249289282655556
8742ce5a9ffffff,0.12257189405302579
873d2329cffffff,0.09440158751003395
876012201ffffff,0.12991566195388016
873da8788ffffff,0.2937461469899886
873caa8cdffffff,0.24136152428500476
8760a0355ffffff,0.12329349614896938
8760128f2ffffff,0.10875606661168397
873d14809ffffff,0.13129005402909
87608466dffffff,0.10598336815480569
873d91b2cffffff,0.11684630183817125
873cb3135ffffff,0.2457853832463824
873da3aa0ffffff,0.11362744218968858
8760b2244ffffff,0.11361369868971874
8742c3062ffffff,0.11686072007880721
876088133ffffff,0.2788157549510072
874249a0cffffff,0.14671637106663543
8742e9ccdffffff,0.11645102840058336
87608a448ffffff,0.12758824725712575
87425b213ffffff,0.12057907680558305
873db0a66ffffff,0.11781195486381113
876033914ffffff,0.13222809546940292
873c50298ffffff,0.21477703354297234
873da68d5ffffff,0.10492602597783615
87425885cffffff,0.10154262518077821
873c9ca25ffffff,0.23350214226723973
873d81b6affffff,0.28444799126749043
873d9899dffffff,0.1210710974248146
8742c9393ffffff,0.10599829800190508
873cf4441ffffff,0.24063165400873915
873d16445ffffff,0.13540159887186187
8742e822dffffff,0.1073053599137363
873db272cffffff,0.10452342556759202
873d8448effffff,0.12397293981145562
873d9c029ffffff,0.13393248088998239
873ce2944ffffff,0.2846297171484445
87618ea4dffffff,0.1476145835463359
87619b0ddffffff,0.12995672462653474
873db349effffff,0.1037583724062351
873d16d44ffffff,0.13553070348346113
873d10765ffffff,0.23064307876931164
873cb5903ffffff,0.3379240422783666
873d3425bffffff,0.10053613132970513
873db274cffffff,0.10549166791691542
873cb535effffff,0.16294518379801004
876199810ffffff,0.14591102235128095
87609a636ffffff,0.12031828439916943
873d84b92ffffff,0.12094349199376718
873d06226ffffff,0.10821198363968658
872098340ffffff,0.10271794134831735
8760b28b4ffffff,0.13183467440427696
876033c22ffffff,0.12352794587451363
873dab683ffffff,0.28445641909169445
87425e52effffff,0.100966681959062
873dadb56ffffff,0.1203144847262931
873d9160cffffff,0.11587805948884786
874258a2dffffff,0.10226670303542579
873caa025ffffff,0.27922234037805405
873cb4a52ffffff,0.33710839938290565
873cb3ab6ffffff,0.2472434444289506
87602280bffffff,0.23070746404769274
8760a8a0effffff,0.13330404410420083
8742e8b76ffffff,0.10519598860158394
87619b9b2ffffff,0.09745892111437317
876012d0bffffff,0.12003041416501592
873c80773ffffff,0.23892536114088325
873d05b89ffffff,0.09393619159686657
873d8d093ffffff,0.2831645000680892
876188795ffffff,0.11912965445844317
873daa361ffffff,0.2904674438472395
873c9d971ffffff,0.18980892530531293
87608e36dffffff,0.12274284095485404
873d90b76ffffff,0.11519894050198852
87619b372ffffff,0.23539615011381587
8760a0b52ffffff,0.12268713351541298
873d9eb52ffffff,0.34237738780184507
873d85875ffffff,0.11893689769972259
